OID_,id,Longitude,Latitude,Sites,170101,170109,170117,170125,170202,170210,170218,170226,170306,170314,170322,170330,170407,170415,170423,170501,170509,170517,170525,170602,170610,170618,170626,170704,170712,170720,170728,170805,170813,170821,170829,170906,170914,170922,170930,171008,171016,171024,171101,171109,171117,171125,171203,171211,171219,171227,180101,180109,180117,180125,180202,180210,180218,180226,180306,180314,180322,180330,180407,180415,180423,180501,180509,180517,180525,180602,180610,180618,180626,180704,180712,180720,180728,180805,180813,180821,180829,180906,180914,180922,180930,181008,181016,181024,181101,181109,181117,181125,181203,181211,181219,181227,190101,190109,190117,190125,190202,190210,190218,190226,190306,190314,190322,190330,190407,190415,190423,190501,190509,190517,190525,190602,190610,190618,190626,190704,190712,190720,190728,190805,190813,190821,190829,190906,190914,190922,190930,191008,191016,191024,191101,191109,191117,191125,191203,191211,191219,191227,200101,200109,200117,200125,200202,200210,200218,200226,200305,200313,200321,200329,200406,200414,200422,200430,200508,200516,200524,200601,200609,200617,200625,200703,200711,200719,200727,200804,200812,200820,200828,200905,200913,200921,200929,201007,201015,201023,201031,201108,201116,201124,201202,201210,201218,201226,210101,210109,210117,210125,210202,210210,210218,210226,210306,210314,210322,210330,210407,210415,210423,210501,210517,210525,210602,210610,210618,210626,210704,210712,210720,210728,210805,210813,210821,210829,210906,210914,210922,211008,211016,211024,211101,211109,211117,211125,211203,211211,211219,211227
0,1,115.945716666999999,42.006638888900000,S1,0.1322000,0.0570000,0.1251000,0.1197000,0.1252000,0.0270000,0.0337000,0.2083000,0.1978000,0.2093000,0.2067000,0.2052000,0.2115000,0.2128000,0.2116000,0.1952000,0.1976000,0.2394000,0.2684000,0.3330000,0.3534000,0.4144000,0.4893000,0.6351000,0.7951000,0.8270000,0.8414000,0.7066000,0.6223000,0.7195000,0.6127000,0.3931000,0.4842000,0.4341000,0.2660000,0.2584000,0.2145000,0.2206000,0.1988000,0.2089000,0.1951000,0.2175000,0.1684000,0.2062000,0.1983000,0.1989000,0.1983000,0.1509000,0.1644000,0.1960000,0.1861000,0.2029000,0.1927000,0.1990000,0.1822000,0.1928000,0.1963000,0.2107000,0.2174000,0.2250000,0.2108000,0.2404000,0.2529000,0.4135000,0.3743000,0.4850000,0.5401000,0.5983000,0.7503000,0.8505000,0.7998000,0.8629000,0.8158000,0.7324000,0.7300000,0.5633000,0.4536000,0.5061000,0.3682000,0.2632000,0.2410000,0.2279000,0.2240000,0.2197000,0.1754000,0.2248000,0.2102000,0.2087000,0.2071000,0.2137000,0.1984000,0.2036000,0.2017000,0.2011000,0.2031000,0.1957000,0.1946000,0.0907000,0.1877000,0.2034000,0.2064000,0.2078000,0.2054000,0.2110000,0.2113000,0.2083000,0.2253000,0.2693000,0.3184000,0.5631000,0.6412000,0.6064000,0.7064000,0.6813000,0.7950000,0.8711000,0.8188000,0.7818000,0.8000000,0.6871000,0.5246000,0.5484000,0.3898000,0.2886000,0.2903000,0.3153000,0.3634000,0.2857000,0.2586000,0.2352000,0.2279000,0.1872000,0.2027000,0.2092000,0.1996000,0.2171000,0.0222000,0.2234000,0.0196000,0.1039000,0.1241000,0.1990000,0.0474000,0.3732000,0.2172000,0.2036000,0.2046000,0.2101000,0.2050000,0.1981000,0.2017000,0.2130000,0.2258000,0.2282000,0.2152000,0.2479000,0.4193000,0.4400000,0.5812000,0.6391000,0.6548000,0.7174000,0.8329000,0.8460000,0.8053000,0.8251000,0.7098000,0.3852000,0.4513000,0.3479000,0.3055000,0.2682000,0.2540000,0.2252000,0.2176000,0.2147000,0.1874000,0.2114000,0.2023000,0.0000000,0.0000000,0.0000000,0.0000000,0.0000000,0.0000000,0.0030000,0.0000000,0.0128000,0.0249000,0.2112000,0.2074000,0.2114000,0.2054000,0.2160000,0.1985000,0.2056000,0.2050000,0.2297000,0.2232000,0.2096000,0.3418000,0.3719000,0.4955000,0.5308000,0.6848000,0.8146000,0.8531000,0.8298000,0.7741000,0.7775000,0.5368000,0.6904000,0.5240000,0.4354000,0.3466000,0.3360000,0.3223000,0.3047000,0.2468000,0.2174000,0.2049000,0.0000000,0.0411000,0.0534000,0.0045000,0.0774000,0.0451000,0.0840000
1,2,115.937799999999996,42.040172222199999,S2,0.0151000,0.0000000,0.0027000,0.0094000,0.0000000,0.0000000,0.0526000,0.1964000,0.1908000,0.1954000,0.2116000,0.2050000,0.2213000,0.2292000,0.2468000,0.2220000,0.2468000,0.3186000,0.3150000,0.2852000,0.2692000,0.3163000,0.4299000,0.3498000,0.4375000,0.3953000,0.4321000,0.5276000,0.5212000,0.4261000,0.4612000,0.4447000,0.3237000,0.3245000,0.2808000,0.2609000,0.2290000,0.2218000,0.2192000,0.2060000,0.1995000,0.0378000,0.1501000,0.1870000,0.2079000,0.1899000,0.2079000,0.0443000,0.0741000,0.1591000,0.1802000,0.1919000,0.1863000,0.1874000,0.1803000,0.1821000,0.1852000,0.1914000,0.1980000,0.1921000,0.1994000,0.2111000,0.2662000,0.2826000,0.2695000,0.2575000,0.2625000,0.2242000,0.3273000,0.4363000,0.3865000,0.5268000,0.5830000,0.6035000,0.5853000,0.4850000,0.6083000,0.5419000,0.5373000,0.4158000,0.3523000,0.3280000,0.3239000,0.2531000,0.2379000,0.2428000,0.2306000,0.2185000,0.2098000,0.2091000,0.2158000,0.1901000,0.2160000,0.1988000,0.2059000,0.1972000,0.1643000,0.0247000,0.2062000,0.0035000,0.2064000,0.2030000,0.2052000,0.2144000,0.2117000,0.2083000,0.2846000,0.3010000,0.3485000,0.3885000,0.3813000,0.3683000,0.4372000,0.4345000,0.4925000,0.5682000,0.5935000,0.5658000,0.6294000,0.5185000,0.5185000,0.4925000,0.4824000,0.4229000,0.4191000,0.3687000,0.3545000,0.2933000,0.2653000,0.2350000,0.2327000,0.2002000,0.2099000,0.2021000,0.2036000,0.1367000,0.0000000,0.0225000,0.0044000,0.0013000,0.0164000,0.0123000,0.0032000,0.0595000,0.0416000,0.1873000,0.2141000,0.2107000,0.2104000,0.2119000,0.2160000,0.2119000,0.2200000,0.2465000,0.2330000,0.2579000,0.2801000,0.2956000,0.3300000,0.2993000,0.3454000,0.3713000,0.4917000,0.5044000,0.5174000,0.5662000,0.5309000,0.5601000,0.5592000,0.4534000,0.4099000,0.3816000,0.3206000,0.2642000,0.2500000,0.2353000,0.2093000,0.2285000,0.2188000,0.0000000,0.0000000,0.0000000,0.0000000,0.0000000,0.0000000,0.0000000,0.0000000,0.0007000,0.0000000,0.2134000,0.2187000,0.2141000,0.2188000,0.2107000,0.2249000,0.2174000,0.2231000,0.2441000,0.2408000,0.2560000,0.2973000,0.3218000,0.3429000,0.3112000,0.3624000,0.4787000,0.5078000,0.5937000,0.6973000,0.6615000,0.6447000,0.7207000,0.6258000,0.5289000,0.5085000,0.5153000,0.4933000,0.3916000,0.3424000,0.3015000,0.2592000,0.0000000,0.0096000,0.0128000,0.0103000,0.0325000,0.0368000,0.0497000
2,3,115.919399999999996,42.057144444400002,S3,0.0446000,0.0037000,0.0053000,0.0192000,0.0562000,0.0015000,0.0128000,0.2020000,0.2124000,0.2072000,0.2179000,0.2278000,0.2365000,0.2333000,0.2406000,0.2242000,0.2407000,0.2907000,0.2847000,0.2942000,0.3085000,0.3337000,0.5312000,0.4798000,0.5316000,0.6796000,0.6080000,0.7255000,0.7323000,0.6736000,0.6044000,0.4060000,0.3080000,0.3212000,0.2736000,0.2556000,0.2388000,0.2423000,0.2247000,0.1776000,0.2019000,0.1813000,0.1603000,0.1598000,0.1781000,0.1749000,0.1781000,0.0227000,0.1406000,0.1512000,0.1772000,0.1960000,0.1887000,0.1884000,0.1825000,0.1832000,0.1841000,0.1887000,0.1917000,0.2049000,0.2022000,0.2219000,0.2601000,0.2717000,0.2613000,0.2567000,0.2648000,0.2434000,0.3279000,0.4912000,0.5037000,0.7290000,0.6396000,0.6728000,0.6477000,0.5560000,0.5003000,0.4251000,0.4392000,0.3786000,0.3493000,0.3206000,0.3148000,0.2670000,0.2013000,0.2434000,0.2259000,0.2238000,0.2206000,0.2275000,0.2183000,0.1873000,0.2175000,0.2102000,0.2058000,0.1937000,0.1674000,0.0132000,0.1958000,0.1989000,0.2097000,0.2045000,0.2097000,0.2239000,0.2269000,0.2288000,0.2871000,0.3141000,0.3508000,0.3986000,0.3769000,0.3943000,0.4569000,0.4544000,0.5416000,0.6308000,0.7502000,0.7377000,0.7355000,0.7062000,0.6579000,0.6492000,0.5722000,0.4792000,0.4011000,0.3711000,0.3275000,0.2813000,0.2810000,0.2466000,0.2157000,0.1905000,0.2206000,0.1981000,0.1637000,0.0376000,0.0208000,0.0365000,0.0046000,0.0045000,0.0494000,0.0280000,0.0084000,0.0042000,0.0237000,0.2014000,0.2133000,0.2209000,0.2099000,0.2044000,0.2310000,0.2218000,0.2267000,0.2554000,0.2332000,0.2940000,0.2635000,0.2752000,0.3804000,0.3236000,0.4503000,0.5186000,0.6374000,0.6493000,0.6726000,0.6750000,0.6809000,0.5335000,0.4539000,0.6663000,0.5426000,0.6393000,0.5053000,0.2829000,0.2662000,0.2461000,0.2111000,0.2379000,0.2311000,0.0000000,0.0000000,0.0000000,0.0000000,0.0000000,0.0000000,0.0082000,0.0000000,0.0000000,0.0379000,0.2151000,0.2122000,0.2151000,0.2063000,0.2166000,0.2299000,0.2249000,0.2234000,0.2672000,0.2576000,0.2466000,0.2733000,0.3151000,0.2924000,0.3007000,0.3233000,0.5911000,0.7120000,0.7344000,0.7795000,0.7866000,0.7868000,0.7680000,0.6894000,0.5890000,0.5200000,0.5348000,0.4159000,0.3598000,0.3349000,0.2836000,0.2526000,0.0079000,0.0014000,0.0302000,0.0184000,0.0328000,0.0510000,0.0537000
3,4,115.935069444000007,42.082669444399997,S4,0.0368000,0.0128000,0.0261000,0.0224000,0.0221000,0.0433000,0.0109000,0.2117000,0.2013000,0.2232000,0.2275000,0.2129000,0.2431000,0.2555000,0.2527000,0.2399000,0.2556000,0.3307000,0.3055000,0.2878000,0.2804000,0.2855000,0.3941000,0.3972000,0.4098000,0.4330000,0.4901000,0.3864000,0.4895000,0.5254000,0.5140000,0.4807000,0.3670000,0.3607000,0.3084000,0.2766000,0.2406000,0.2403000,0.2303000,0.1724000,0.2024000,0.0335000,0.2045000,0.0842000,0.0871000,0.2002000,0.2029000,0.0291000,0.0503000,0.2010000,0.1881000,0.1998000,0.1947000,0.1976000,0.1902000,0.1886000,0.2040000,0.2049000,0.2164000,0.2239000,0.2355000,0.2243000,0.2321000,0.2863000,0.2774000,0.2384000,0.2402000,0.2358000,0.3375000,0.3953000,0.3666000,0.6742000,0.6085000,0.5753000,0.5585000,0.4810000,0.4983000,0.4614000,0.4777000,0.4071000,0.3668000,0.3176000,0.3017000,0.2465000,0.2342000,0.2408000,0.2232000,0.2195000,0.2054000,0.2159000,0.2098000,0.2023000,0.2219000,0.2051000,0.2048000,0.2060000,0.1451000,0.0218000,0.0297000,0.2131000,0.2047000,0.2159000,0.2135000,0.2278000,0.2204000,0.2339000,0.3176000,0.3607000,0.3837000,0.4359000,0.4104000,0.3951000,0.4048000,0.4179000,0.6137000,0.5670000,0.6277000,0.6211000,0.6448000,0.4825000,0.5377000,0.5173000,0.4757000,0.4633000,0.4219000,0.3642000,0.3658000,0.3097000,0.3192000,0.2581000,0.2219000,0.2143000,0.2182000,0.2287000,0.0589000,0.0608000,0.0236000,0.0282000,0.0158000,0.0130000,0.0078000,0.0150000,0.0056000,0.0439000,0.0176000,0.0984000,0.2203000,0.2322000,0.2149000,0.2108000,0.2380000,0.2315000,0.2432000,0.2782000,0.2702000,0.3084000,0.2945000,0.3094000,0.3430000,0.2970000,0.3863000,0.4273000,0.4739000,0.4515000,0.4788000,0.4442000,0.5149000,0.2338000,0.4810000,0.4416000,0.3910000,0.3722000,0.3117000,0.2753000,0.2447000,0.2314000,0.2055000,0.2265000,0.0000000,0.0000000,0.0000000,0.0000000,0.0000000,0.0000000,0.0000000,0.0088000,0.0025000,0.0241000,0.0126000,0.2430000,0.2382000,0.2215000,0.2233000,0.2241000,0.2279000,0.2270000,0.2317000,0.2755000,0.2887000,0.2669000,0.3418000,0.3945000,0.3717000,0.3252000,0.3854000,0.4485000,0.4916000,0.5186000,0.6842000,0.6560000,0.6447000,0.6718000,0.5859000,0.5506000,0.5477000,0.5255000,0.4763000,0.3932000,0.3244000,0.2951000,0.2607000,0.0000000,0.0000000,0.0052000,0.0175000,0.0231000,0.0138000,0.0494000
4,5,115.894049999999993,42.073938888900003,S5,0.0078000,0.0003000,0.0100000,0.0243000,0.1913000,0.1899000,0.0055000,0.2093000,0.2091000,0.2120000,0.2258000,0.2253000,0.2191000,0.2271000,0.2603000,0.2372000,0.3243000,0.2940000,0.4614000,0.5116000,0.5217000,0.6260000,0.7517000,0.7143000,0.7588000,0.7390000,0.8053000,0.7374000,0.6985000,0.7469000,0.6488000,0.5272000,0.3980000,0.3700000,0.2859000,0.2695000,0.2424000,0.2467000,0.2379000,0.1734000,0.2042000,0.1814000,0.1703000,0.1790000,0.0218000,0.2001000,0.0219000,0.2232000,0.1390000,0.1838000,0.2054000,0.2091000,0.2062000,0.2160000,0.1958000,0.1841000,0.2084000,0.2025000,0.2118000,0.2112000,0.2173000,0.2481000,0.3284000,0.3896000,0.3845000,0.4618000,0.4301000,0.5213000,0.5510000,0.6560000,0.6718000,0.7781000,0.7499000,0.8096000,0.7681000,0.5984000,0.5474000,0.4637000,0.4614000,0.4052000,0.3592000,0.3129000,0.2973000,0.2593000,0.2115000,0.2508000,0.2325000,0.2287000,0.2271000,0.2232000,0.2211000,0.1965000,0.2264000,0.2199000,0.2253000,0.2181000,0.2022000,0.2182000,0.2182000,0.2264000,0.2124000,0.2218000,0.2234000,0.2213000,0.2337000,0.2151000,0.3035000,0.3218000,0.4096000,0.4245000,0.5176000,0.4904000,0.6381000,0.8174000,0.7204000,0.8348000,0.8185000,0.8011000,0.7751000,0.8044000,0.7450000,0.7151000,0.6098000,0.4735000,0.3762000,0.3586000,0.3147000,0.2933000,0.2909000,0.2560000,0.2273000,0.2017000,0.2293000,0.2071000,0.1619000,0.1490000,0.0047000,0.0170000,0.0167000,0.0000000,0.0124000,0.0117000,0.0037000,0.1494000,0.1704000,0.1972000,0.2131000,0.2231000,0.2166000,0.2087000,0.2240000,0.2133000,0.2347000,0.2879000,0.3328000,0.3119000,0.4358000,0.4511000,0.5253000,0.5779000,0.7551000,0.7466000,0.8367000,0.7854000,0.8037000,0.8091000,0.7965000,0.5275000,0.5421000,0.5172000,0.3725000,0.3641000,0.3215000,0.2721000,0.2576000,0.2574000,0.2237000,0.2403000,0.2307000,0.0000000,0.0000000,0.0000000,0.0000000,0.0000000,0.0000000,0.0049000,0.0086000,0.0049000,0.0033000,0.2304000,0.2266000,0.2283000,0.2282000,0.2195000,0.2276000,0.2321000,0.2223000,0.2091000,0.2599000,0.2481000,0.4007000,0.4269000,0.4890000,0.5335000,0.6817000,0.6957000,0.7987000,0.8313000,0.7895000,0.7873000,0.7815000,0.7987000,0.7003000,0.5897000,0.5789000,0.5198000,0.4579000,0.4204000,0.3596000,0.3196000,0.2843000,0.0038000,0.0058000,0.0058000,0.0237000,0.0442000,0.0490000,0.1207000
5,6,115.865733332999994,42.045544444400001,S6,0.0173000,0.0000000,0.0111000,0.0161000,0.0099000,0.2024000,0.1885000,0.2124000,0.2038000,0.2121000,0.2128000,0.2273000,0.2246000,0.2324000,0.2494000,0.2304000,0.2902000,0.3637000,0.3458000,0.4356000,0.4961000,0.4657000,0.6139000,0.5725000,0.5978000,0.7454000,0.7155000,0.7183000,0.7183000,0.7419000,0.6763000,0.6085000,0.4664000,0.4235000,0.3282000,0.2821000,0.2354000,0.2430000,0.2210000,0.1789000,0.1981000,0.0519000,0.1791000,0.1943000,0.1960000,0.1984000,0.1907000,0.0468000,0.1600000,0.1801000,0.1900000,0.2008000,0.1911000,0.1922000,0.1770000,0.1875000,0.1786000,0.1887000,0.1913000,0.2085000,0.2182000,0.2194000,0.3901000,0.4524000,0.4331000,0.4584000,0.4603000,0.5390000,0.4919000,0.5746000,0.5339000,0.6256000,0.6539000,0.6482000,0.6474000,0.6600000,0.6855000,0.5181000,0.6154000,0.4704000,0.4066000,0.3353000,0.3245000,0.2803000,0.2316000,0.2510000,0.2320000,0.2313000,0.2141000,0.2198000,0.2143000,0.1893000,0.2157000,0.2182000,0.2110000,0.2105000,0.1876000,0.0256000,0.2002000,0.2183000,0.2103000,0.2066000,0.1993000,0.2103000,0.2122000,0.2140000,0.2948000,0.3343000,0.3903000,0.4908000,0.4461000,0.4666000,0.4849000,0.5251000,0.5278000,0.6210000,0.6640000,0.6615000,0.7089000,0.6910000,0.6591000,0.6910000,0.5766000,0.5639000,0.4742000,0.3655000,0.3432000,0.2925000,0.2807000,0.2417000,0.2129000,0.2134000,0.2078000,0.2078000,0.2169000,0.0322000,0.0057000,0.0315000,0.0195000,0.0293000,0.0369000,0.0385000,0.0244000,0.0044000,0.0386000,0.2007000,0.2079000,0.2079000,0.1914000,0.1892000,0.2018000,0.2040000,0.2209000,0.2607000,0.2424000,0.2881000,0.3405000,0.3503000,0.4280000,0.4723000,0.5094000,0.5738000,0.5922000,0.6832000,0.6609000,0.7303000,0.7005000,0.6179000,0.6925000,0.5977000,0.4996000,0.4435000,0.3549000,0.2800000,0.2536000,0.2537000,0.2108000,0.2315000,0.2194000,0.0000000,0.0000000,0.0000000,0.0000000,0.0000000,0.0000000,0.0249000,0.0002000,0.0286000,0.0514000,0.2169000,0.2093000,0.2091000,0.2108000,0.2104000,0.2142000,0.2193000,0.2146000,0.2545000,0.2340000,0.2453000,0.3450000,0.3796000,0.4250000,0.4241000,0.5267000,0.6623000,0.7054000,0.7707000,0.7961000,0.7735000,0.7416000,0.7934000,0.6870000,0.6078000,0.5533000,0.5654000,0.5164000,0.4097000,0.3506000,0.3102000,0.2607000,0.0000000,0.0000000,0.0000000,0.0064000,0.0228000,0.0143000,0.0312000
6,7,115.896111110999996,42.029722222200000,S7,0.0220000,0.0044000,0.0225000,0.0184000,0.0205000,0.0000000,0.0365000,0.2604000,0.2280000,0.2255000,0.2401000,0.2234000,0.2292000,0.2476000,0.2621000,0.2347000,0.3162000,0.3833000,0.4346000,0.5163000,0.4624000,0.5281000,0.6686000,0.5313000,0.5937000,0.6502000,0.7316000,0.6737000,0.6296000,0.6938000,0.6058000,0.5538000,0.4197000,0.4248000,0.3403000,0.2898000,0.2583000,0.2521000,0.2379000,0.1788000,0.2163000,0.2102000,0.1965000,0.2098000,0.2105000,0.2218000,0.2105000,0.1145000,0.1964000,0.2118000,0.2060000,0.2096000,0.2094000,0.2078000,0.1983000,0.1967000,0.1973000,0.2016000,0.2038000,0.2195000,0.2259000,0.2292000,0.2541000,0.3565000,0.3578000,0.4067000,0.4098000,0.4454000,0.5079000,0.5519000,0.5655000,0.6960000,0.7634000,0.7666000,0.7895000,0.7397000,0.6656000,0.6016000,0.6193000,0.4326000,0.3779000,0.3378000,0.3275000,0.2703000,0.2177000,0.2564000,0.2454000,0.2389000,0.2182000,0.2378000,0.2327000,0.1866000,0.2354000,0.2182000,0.2309000,0.1843000,0.2035000,0.0386000,0.2297000,0.2392000,0.2231000,0.2158000,0.2184000,0.2349000,0.2229000,0.2280000,0.3065000,0.3187000,0.3760000,0.4588000,0.4331000,0.4941000,0.5562000,0.7135000,0.6083000,0.6836000,0.7578000,0.7631000,0.7532000,0.7864000,0.7579000,0.7005000,0.6862000,0.5821000,0.4680000,0.4090000,0.3670000,0.3059000,0.3000000,0.2645000,0.2320000,0.2221000,0.2155000,0.2290000,0.2122000,0.2015000,0.0096000,0.0491000,0.0304000,0.0180000,0.0387000,0.0184000,0.0064000,0.1145000,0.2041000,0.2064000,0.2222000,0.2198000,0.2119000,0.2049000,0.2172000,0.2213000,0.2463000,0.2814000,0.2698000,0.3757000,0.3559000,0.3970000,0.3984000,0.4132000,0.5152000,0.5962000,0.6524000,0.7181000,0.6523000,0.7604000,0.7069000,0.4835000,0.6695000,0.6307000,0.4937000,0.4631000,0.3484000,0.2839000,0.2686000,0.2605000,0.2357000,0.2510000,0.2346000,0.0000000,0.0000000,0.0000000,0.0000000,0.0000000,0.0000000,0.0000000,0.0009000,0.0018000,0.0022000,0.2224000,0.2120000,0.2271000,0.2353000,0.2188000,0.2307000,0.2290000,0.2321000,0.2203000,0.2694000,0.2532000,0.3662000,0.3767000,0.4112000,0.4512000,0.5171000,0.6560000,0.6532000,0.7756000,0.7760000,0.7799000,0.8380000,0.8424000,0.7812000,0.6681000,0.6474000,0.5838000,0.4944000,0.4014000,0.3670000,0.3220000,0.2678000,0.0000000,0.0000000,0.0000000,0.0035000,0.0245000,0.0259000,0.0270000
7,8,115.873055555999997,42.017499999999998,S8,0.0228000,0.0001000,0.0000000,0.0257000,0.1094000,0.1734000,0.1847000,0.1986000,0.2124000,0.1996000,0.2187000,0.2273000,0.2195000,0.2305000,0.2346000,0.2276000,0.2612000,0.3311000,0.3389000,0.3925000,0.3354000,0.3756000,0.4564000,0.4311000,0.4917000,0.6159000,0.4624000,0.5717000,0.6032000,0.5671000,0.5638000,0.4953000,0.3872000,0.3822000,0.3142000,0.3333000,0.2387000,0.2386000,0.2217000,0.1733000,0.2000000,0.1869000,0.1977000,0.2051000,0.2082000,0.1977000,0.2082000,0.1701000,0.1967000,0.1893000,0.1942000,0.1920000,0.1964000,0.1884000,0.1739000,0.1799000,0.1822000,0.1895000,0.1898000,0.1999000,0.1957000,0.1955000,0.2285000,0.3044000,0.2919000,0.2971000,0.2813000,0.3026000,0.3255000,0.2918000,0.3552000,0.5580000,0.5840000,0.6153000,0.6260000,0.6485000,0.6387000,0.5767000,0.5845000,0.4762000,0.4060000,0.3614000,0.3514000,0.2802000,0.2177000,0.2498000,0.2438000,0.2237000,0.2190000,0.2240000,0.2157000,0.1778000,0.2184000,0.2190000,0.2104000,0.2167000,0.1954000,0.0317000,0.1921000,0.2189000,0.2099000,0.2065000,0.2075000,0.2005000,0.2114000,0.2085000,0.2813000,0.3060000,0.3694000,0.4575000,0.4029000,0.4194000,0.4603000,0.6492000,0.5214000,0.6274000,0.6860000,0.6614000,0.7169000,0.6591000,0.6081000,0.6712000,0.5958000,0.4900000,0.4420000,0.3406000,0.3455000,0.3032000,0.2723000,0.2455000,0.2162000,0.2156000,0.2061000,0.2058000,0.2132000,0.1680000,0.0115000,0.0239000,0.0171000,0.0072000,0.0343000,0.0183000,0.1047000,0.1088000,0.1913000,0.2047000,0.2073000,0.2071000,0.2043000,0.1933000,0.2057000,0.1956000,0.2131000,0.2393000,0.2409000,0.2543000,0.2673000,0.3378000,0.3137000,0.3710000,0.4461000,0.4749000,0.5708000,0.6637000,0.5888000,0.6437000,0.6102000,0.3891000,0.6055000,0.5524000,0.4384000,0.4025000,0.3087000,0.2614000,0.2368000,0.2422000,0.2099000,0.2183000,0.2116000,0.0000000,0.0000000,0.0000000,0.0000000,0.0000000,0.0000000,0.0012000,0.0000000,0.0080000,0.0385000,0.2091000,0.2293000,0.2226000,0.2123000,0.2092000,0.2167000,0.2145000,0.2167000,0.2098000,0.2540000,0.2285000,0.2956000,0.3250000,0.3599000,0.3062000,0.3629000,0.5029000,0.5728000,0.6784000,0.7755000,0.7146000,0.7429000,0.7838000,0.7094000,0.6674000,0.6439000,0.5883000,0.5223000,0.3813000,0.3352000,0.2991000,0.2629000,0.0000000,0.0002000,0.0000000,0.0041000,0.0468000,0.0518000,0.0705000
8,9,115.855927777999995,41.965572222200002,M1,0.0195000,0.0028000,0.0063000,0.0053000,0.0182000,0.1422000,0.1673000,0.1956000,0.2166000,0.2079000,0.2161000,0.2086000,0.2204000,0.2456000,0.2475000,0.2374000,0.2891000,0.3805000,0.3853000,0.3688000,0.4282000,0.4018000,0.5118000,0.4135000,0.5107000,0.6436000,0.6134000,0.5706000,0.5348000,0.5741000,0.4691000,0.4870000,0.4208000,0.3882000,0.3463000,0.3452000,0.2433000,0.2462000,0.2237000,0.2164000,0.2119000,0.1699000,0.2020000,0.2217000,0.1989000,0.2018000,0.1989000,0.0372000,0.1892000,0.1917000,0.1851000,0.1943000,0.1876000,0.1823000,0.1816000,0.1820000,0.1787000,0.1868000,0.1866000,0.2041000,0.2040000,0.2556000,0.3294000,0.3383000,0.3278000,0.3127000,0.3098000,0.2798000,0.4011000,0.3656000,0.4275000,0.5460000,0.6239000,0.6326000,0.6750000,0.6437000,0.6327000,0.5857000,0.5777000,0.4330000,0.3855000,0.3530000,0.3214000,0.2708000,0.2117000,0.2445000,0.2301000,0.2205000,0.2149000,0.2129000,0.2158000,0.1921000,0.2049000,0.2084000,0.2055000,0.1924000,0.1692000,0.0095000,0.1895000,0.2147000,0.1984000,0.2020000,0.1950000,0.1969000,0.2127000,0.1995000,0.3069000,0.3226000,0.3723000,0.4536000,0.4062000,0.4459000,0.4855000,0.6521000,0.6339000,0.5466000,0.6105000,0.5823000,0.6824000,0.5958000,0.5670000,0.5962000,0.5273000,0.4965000,0.4459000,0.3706000,0.3304000,0.3024000,0.3013000,0.2409000,0.2242000,0.2089000,0.2108000,0.2047000,0.1656000,0.1650000,0.0400000,0.0047000,0.0097000,0.0073000,0.0169000,0.0109000,0.0141000,0.0021000,0.1994000,0.2015000,0.1987000,0.1991000,0.1908000,0.1905000,0.1966000,0.1946000,0.2196000,0.2485000,0.2441000,0.2901000,0.2964000,0.3176000,0.3164000,0.3441000,0.4424000,0.5019000,0.5531000,0.6526000,0.6073000,0.5945000,0.6104000,0.2002000,0.6112000,0.5206000,0.4381000,0.3889000,0.3287000,0.2688000,0.2413000,0.2402000,0.2093000,0.2226000,0.2121000,0.0000000,0.0000000,0.0000000,0.0000000,0.0000000,0.0000000,0.0000000,0.0025000,0.0072000,0.0210000,0.1732000,0.2123000,0.2020000,0.2045000,0.2041000,0.2098000,0.2158000,0.2083000,0.2086000,0.2405000,0.2330000,0.3078000,0.3793000,0.4190000,0.3665000,0.3774000,0.4326000,0.5815000,0.6885000,0.7645000,0.6442000,0.6260000,0.6984000,0.6147000,0.5805000,0.5567000,0.5509000,0.4778000,0.3889000,0.3370000,0.2983000,0.2556000,0.0000000,0.0000000,0.0000000,0.0000000,0.0000000,0.0105000,0.0131000
9,10,115.809444443999993,42.105277777799998,M2,0.0172000,0.0062000,0.0254000,0.0389000,0.1389000,0.0696000,0.0061000,0.1893000,0.1997000,0.2026000,0.2151000,0.2279000,0.2288000,0.2413000,0.2423000,0.2292000,0.3145000,0.2883000,0.3704000,0.3136000,0.3339000,0.3090000,0.4568000,0.3194000,0.4348000,0.5305000,0.4968000,0.4190000,0.5115000,0.5213000,0.4990000,0.4646000,0.4008000,0.3928000,0.3407000,0.3092000,0.2508000,0.2431000,0.2300000,0.1789000,0.1905000,0.0773000,0.1613000,0.0809000,0.1276000,0.1604000,0.1338000,0.0273000,0.1169000,0.1498000,0.1647000,0.1854000,0.1910000,0.1911000,0.1908000,0.1791000,0.1947000,0.1933000,0.2001000,0.2292000,0.2333000,0.2629000,0.2895000,0.2934000,0.3113000,0.3661000,0.3164000,0.2818000,0.3179000,0.3244000,0.3319000,0.4344000,0.5063000,0.5562000,0.5570000,0.5091000,0.5134000,0.4403000,0.4089000,0.3688000,0.3411000,0.2952000,0.2887000,0.2656000,0.2360000,0.2404000,0.2113000,0.2259000,0.2190000,0.2134000,0.2030000,0.1841000,0.1965000,0.2137000,0.2026000,0.1982000,0.1878000,0.0239000,0.1942000,0.2023000,0.1919000,0.1947000,0.1995000,0.2138000,0.1944000,0.2135000,0.2694000,0.3054000,0.2937000,0.3810000,0.3883000,0.4294000,0.4052000,0.3881000,0.4277000,0.4416000,0.5431000,0.5225000,0.5573000,0.5095000,0.5148000,0.4754000,0.4482000,0.4677000,0.4244000,0.3592000,0.3588000,0.3180000,0.3052000,0.2700000,0.2582000,0.1922000,0.1923000,0.2102000,0.1611000,0.0301000,0.0139000,0.0308000,0.0169000,0.0099000,0.0235000,0.0533000,0.0282000,0.0218000,0.0244000,0.1770000,0.1936000,0.1948000,0.1960000,0.1935000,0.2102000,0.1992000,0.2316000,0.2839000,0.2330000,0.3552000,0.3487000,0.4171000,0.4052000,0.3900000,0.5160000,0.4826000,0.5783000,0.5500000,0.5534000,0.5150000,0.5223000,0.5205000,0.4903000,0.4143000,0.3722000,0.3590000,0.3509000,0.2786000,0.2608000,0.2532000,0.2234000,0.2270000,0.2250000,0.0000000,0.0000000,0.0000000,0.0000000,0.0000000,0.0000000,0.0000000,0.0105000,0.0006000,0.0060000,0.1705000,0.1884000,0.1965000,0.2059000,0.1969000,0.2118000,0.2186000,0.2159000,0.2032000,0.2455000,0.2273000,0.3239000,0.3361000,0.3964000,0.3962000,0.3661000,0.3924000,0.4140000,0.4391000,0.6381000,0.5593000,0.5354000,0.6215000,0.5738000,0.5512000,0.4842000,0.5144000,0.4259000,0.3528000,0.3109000,0.2796000,0.2506000,0.0028000,0.0205000,0.0587000,0.0289000,0.0688000,0.0865000,0.0579000
10,11,116.082499999999996,41.949722222200002,M3,0.0194000,0.0013000,0.0126000,0.0198000,0.0194000,0.0005000,0.0003000,0.1921000,0.1852000,0.1897000,0.1899000,0.1834000,0.1965000,0.1979000,0.1873000,0.1810000,0.2152000,0.2492000,0.2691000,0.3450000,0.3962000,0.4849000,0.7639000,0.6708000,0.7332000,0.7545000,0.6847000,0.6716000,0.6396000,0.4600000,0.2972000,0.3173000,0.2719000,0.2541000,0.2318000,0.2279000,0.2133000,0.2110000,0.1925000,0.1976000,0.1846000,0.1046000,0.1130000,0.1332000,0.0344000,0.0734000,0.0739000,0.0117000,0.0526000,0.0090000,0.1009000,0.1746000,0.1654000,0.1805000,0.1765000,0.1691000,0.1787000,0.1832000,0.1789000,0.1839000,0.1751000,0.1911000,0.2115000,0.2518000,0.2427000,0.2333000,0.2658000,0.2496000,0.5714000,0.6043000,0.6048000,0.7660000,0.7699000,0.7103000,0.6615000,0.6189000,0.4619000,0.3918000,0.3537000,0.2587000,0.2575000,0.2200000,0.2237000,0.2196000,0.2056000,0.2159000,0.2023000,0.2048000,0.1918000,0.1969000,0.1900000,0.1745000,0.1919000,0.1919000,0.1865000,0.1843000,0.1557000,0.0223000,0.0175000,0.1894000,0.1879000,0.1899000,0.1940000,0.1891000,0.2013000,0.1837000,0.2102000,0.2023000,0.2316000,0.2559000,0.2548000,0.3000000,0.3598000,0.3477000,0.4926000,0.7623000,0.7988000,0.7827000,0.7811000,0.8151000,0.7027000,0.7088000,0.5076000,0.3281000,0.3384000,0.2794000,0.2733000,0.2435000,0.2417000,0.2180000,0.2064000,0.1868000,0.2032000,0.2006000,0.0786000,0.0419000,0.0266000,0.0017000,0.0000000,0.0071000,0.0106000,0.0026000,0.0054000,0.0011000,0.0252000,0.0875000,0.1818000,0.2014000,0.1893000,0.1847000,0.1890000,0.1781000,0.1931000,0.2077000,0.2437000,0.3230000,0.2488000,0.3169000,0.2829000,0.3531000,0.5673000,0.5636000,0.7361000,0.7089000,0.8315000,0.8363000,0.6417000,0.6047000,0.5890000,0.4952000,0.3295000,0.3077000,0.2613000,0.2295000,0.2210000,0.2190000,0.2074000,0.2088000,0.2020000,0.0000000,0.0000000,0.0000000,0.0000000,0.0000000,0.0000000,0.0000000,0.0015000,0.0000000,0.0226000,0.1505000,0.1653000,0.1880000,0.1901000,0.2000000,0.1836000,0.1915000,0.1883000,0.1806000,0.1878000,0.1765000,0.2607000,0.2671000,0.3320000,0.3078000,0.5041000,0.6634000,0.7599000,0.8040000,0.7952000,0.8164000,0.8265000,0.8129000,0.7131000,0.6470000,0.5840000,0.4574000,0.2972000,0.2562000,0.2338000,0.2236000,0.2094000,0.0100000,0.0107000,0.0342000,0.0232000,0.0344000,0.0384000,0.0535000
11,12,116.185508333000001,42.095955555600000,M4,0.0249000,0.0178000,0.0292000,0.0369000,0.0302000,0.0483000,0.0153000,0.2070000,0.2061000,0.2157000,0.2127000,0.2208000,0.2213000,0.2369000,0.2340000,0.2262000,0.2715000,0.3758000,0.3735000,0.4175000,0.4580000,0.4026000,0.5109000,0.4907000,0.4632000,0.4286000,0.5018000,0.5078000,0.4652000,0.4253000,0.3796000,0.3964000,0.3547000,0.3443000,0.3204000,0.2840000,0.2473000,0.2396000,0.2331000,0.2306000,0.2174000,0.0179000,0.1772000,0.1589000,0.1716000,0.1401000,0.1376000,0.0528000,0.0915000,0.1210000,0.0902000,0.2007000,0.2029000,0.2061000,0.1949000,0.1990000,0.2001000,0.1974000,0.2008000,0.2245000,0.2243000,0.2441000,0.3108000,0.3500000,0.3360000,0.3846000,0.3420000,0.2850000,0.3147000,0.3585000,0.3693000,0.5816000,0.5332000,0.5002000,0.5460000,0.5002000,0.5025000,0.4368000,0.4166000,0.3991000,0.3246000,0.2982000,0.2868000,0.2603000,0.2353000,0.2403000,0.2264000,0.2219000,0.2104000,0.2249000,0.2234000,0.2186000,0.2243000,0.2136000,0.2159000,0.1998000,0.1959000,0.2101000,0.2218000,0.2171000,0.2062000,0.2113000,0.2040000,0.2189000,0.2134000,0.2159000,0.2544000,0.2826000,0.2973000,0.3535000,0.3502000,0.3878000,0.4417000,0.4104000,0.4048000,0.4573000,0.5117000,0.4728000,0.5443000,0.4460000,0.4919000,0.4691000,0.4552000,0.4163000,0.3963000,0.3564000,0.3075000,0.3128000,0.3093000,0.2631000,0.2315000,0.2235000,0.2303000,0.2309000,0.0606000,0.0365000,0.0198000,0.0360000,0.0226000,0.0190000,0.0310000,0.0177000,0.0181000,0.0240000,0.0167000,0.1549000,0.2260000,0.2233000,0.2262000,0.2090000,0.2120000,0.2115000,0.2506000,0.2662000,0.2507000,0.3199000,0.3659000,0.4577000,0.3678000,0.4917000,0.4492000,0.4887000,0.4711000,0.5430000,0.5411000,0.5245000,0.5132000,0.0861000,0.4919000,0.4459000,0.4157000,0.3526000,0.3167000,0.2814000,0.2594000,0.2481000,0.2254000,0.2381000,0.2411000,0.0050000,0.0000000,0.0016000,0.0062000,0.0164000,0.0137000,0.0247000,0.0120000,0.0342000,0.0448000,0.2148000,0.2180000,0.2206000,0.2142000,0.2140000,0.2262000,0.2207000,0.2254000,0.2132000,0.2411000,0.2687000,0.3273000,0.3946000,0.4397000,0.4249000,0.4849000,0.5267000,0.5395000,0.5667000,0.7164000,0.5292000,0.5337000,0.6318000,0.5050000,0.4436000,0.4822000,0.4895000,0.4090000,0.3318000,0.2952000,0.2771000,0.2558000,0.0118000,0.0274000,0.0291000,0.0425000,0.0815000,0.0660000,0.1280000
12,13,116.188236110999995,42.185552777799998,M5,0.0933000,0.0554000,0.0434000,0.0926000,0.1825000,0.2132000,0.2006000,0.2055000,0.1943000,0.1965000,0.2136000,0.2181000,0.2288000,0.2313000,0.2331000,0.2225000,0.2644000,0.3208000,0.3298000,0.3974000,0.3859000,0.4552000,0.5767000,0.6676000,0.5675000,0.6830000,0.7064000,0.6687000,0.7006000,0.6077000,0.4732000,0.4634000,0.3697000,0.3470000,0.2801000,0.2574000,0.2264000,0.2257000,0.2126000,0.2211000,0.2066000,0.1971000,0.1608000,0.1101000,0.1813000,0.2096000,0.1674000,0.1690000,0.1547000,0.1720000,0.1922000,0.1906000,0.1981000,0.1970000,0.1941000,0.1855000,0.1849000,0.2027000,0.2054000,0.2192000,0.2337000,0.2320000,0.3156000,0.3311000,0.3058000,0.2748000,0.3197000,0.3563000,0.4322000,0.5325000,0.6452000,0.6274000,0.7079000,0.7207000,0.7165000,0.6580000,0.6570000,0.5458000,0.5295000,0.3410000,0.3516000,0.2667000,0.2704000,0.2452000,0.2178000,0.2286000,0.2170000,0.2126000,0.2107000,0.2054000,0.2191000,0.1900000,0.2096000,0.2010000,0.2000000,0.1921000,0.1407000,0.0333000,0.1818000,0.1854000,0.1985000,0.1992000,0.1988000,0.2185000,0.2207000,0.2096000,0.2550000,0.2730000,0.3237000,0.3698000,0.3761000,0.4052000,0.4779000,0.5862000,0.5594000,0.6360000,0.6691000,0.6506000,0.6966000,0.6428000,0.6468000,0.6374000,0.4671000,0.4300000,0.3908000,0.3011000,0.3035000,0.2780000,0.2790000,0.2355000,0.2387000,0.1765000,0.1810000,0.2021000,0.1295000,0.0000000,0.0000000,0.0209000,0.0070000,0.0174000,0.0225000,0.0486000,0.0000000,0.0000000,0.0198000,0.1360000,0.1922000,0.2059000,0.2182000,0.1963000,0.1927000,0.2020000,0.2292000,0.2600000,0.2478000,0.2746000,0.3153000,0.3346000,0.3569000,0.3841000,0.6022000,0.5969000,0.6516000,0.6905000,0.6697000,0.6647000,0.7224000,0.0000000,0.5614000,0.3920000,0.4273000,0.3743000,0.3035000,0.2601000,0.2572000,0.2319000,0.2139000,0.2423000,0.2174000,0.0000000,0.0000000,0.0000000,0.0000000,0.0000000,0.0000000,0.0092000,0.0000000,0.0015000,0.1579000,0.1867000,0.1905000,0.2027000,0.1922000,0.2084000,0.2156000,0.2136000,0.2177000,0.2109000,0.2576000,0.2684000,0.3140000,0.3618000,0.3470000,0.3984000,0.4513000,0.6272000,0.6103000,0.6753000,0.7711000,0.7208000,0.7040000,0.7662000,0.6610000,0.5209000,0.4432000,0.4232000,0.3811000,0.3048000,0.2855000,0.2622000,0.2371000,0.0000000,0.0122000,0.0493000,0.0336000,0.0717000,0.1022000,0.1208000
13,14,115.938741667000002,42.186799999999998,M6,0.0000000,0.0056000,0.0132000,0.0145000,0.0281000,0.1406000,0.1974000,0.1802000,0.2104000,0.2128000,0.2335000,0.2318000,0.2363000,0.2483000,0.2690000,0.3173000,0.3192000,0.3931000,0.3901000,0.4814000,0.4356000,0.5582000,0.5353000,0.5320000,0.6948000,0.7451000,0.7528000,0.7909000,0.7231000,0.7029000,0.5557000,0.6005000,0.4547000,0.4336000,0.3055000,0.2690000,0.2368000,0.2430000,0.2252000,0.1706000,0.1918000,0.1789000,0.1767000,0.1907000,0.0138000,0.0534000,0.0798000,0.0355000,0.0201000,0.0447000,0.1812000,0.2045000,0.1962000,0.1981000,0.1887000,0.1924000,0.1906000,0.1946000,0.1899000,0.2155000,0.2315000,0.2355000,0.3145000,0.4251000,0.3838000,0.5784000,0.4024000,0.5201000,0.4908000,0.5219000,0.6253000,0.7320000,0.6890000,0.7765000,0.8044000,0.7224000,0.7158000,0.5793000,0.5429000,0.4130000,0.3973000,0.2846000,0.3024000,0.2569000,0.2471000,0.2341000,0.2207000,0.2222000,0.2057000,0.2155000,0.2105000,0.2071000,0.2058000,0.2141000,0.2054000,0.2013000,0.1869000,0.0213000,0.0047000,0.2067000,0.2050000,0.2067000,0.2073000,0.2149000,0.2182000,0.2183000,0.2976000,0.3146000,0.3784000,0.4202000,0.4618000,0.4534000,0.5036000,0.4778000,0.6351000,0.7354000,0.7666000,0.7958000,0.7910000,0.8074000,0.7557000,0.6692000,0.6535000,0.5388000,0.4913000,0.3773000,0.3645000,0.3094000,0.2828000,0.2476000,0.2439000,0.2110000,0.2029000,0.2257000,0.0401000,0.0174000,0.0000000,0.0018000,0.0007000,0.0000000,0.0000000,0.0000000,0.0000000,0.0141000,0.0217000,0.1795000,0.2080000,0.2132000,0.2095000,0.2049000,0.2143000,0.2251000,0.2578000,0.2814000,0.3289000,0.3130000,0.3736000,0.4627000,0.4991000,0.4257000,0.6387000,0.6896000,0.7312000,0.7587000,0.7052000,0.6908000,0.7072000,0.0905000,0.7170000,0.6087000,0.4972000,0.3750000,0.3469000,0.2734000,0.2725000,0.2417000,0.2143000,0.2308000,0.2181000,0.0000000,0.0000000,0.0000000,0.0000000,0.0000000,0.0000000,0.0010000,0.0068000,0.0000000,0.0000000,0.1710000,0.1816000,0.1895000,0.2043000,0.2108000,0.2211000,0.2232000,0.2253000,0.2138000,0.2663000,0.2430000,0.3634000,0.4343000,0.4501000,0.5091000,0.6336000,0.6359000,0.7931000,0.8210000,0.8074000,0.7896000,0.8142000,0.8186000,0.7203000,0.6891000,0.5987000,0.5425000,0.4705000,0.3985000,0.3326000,0.2969000,0.2300000,0.0124000,0.0081000,0.0213000,0.0362000,0.0407000,0.0344000,0.0776000
14,15,115.968180555999993,42.176983333300001,M7,0.0208000,0.0000000,0.0046000,0.0043000,0.0761000,0.0732000,0.0076000,0.1998000,0.1726000,0.1915000,0.1966000,0.1965000,0.2022000,0.2251000,0.2367000,0.2169000,0.2485000,0.2722000,0.2691000,0.2501000,0.3336000,0.3217000,0.3897000,0.4683000,0.4298000,0.4498000,0.6117000,0.5927000,0.6366000,0.5685000,0.4549000,0.4178000,0.3235000,0.3184000,0.2357000,0.2367000,0.2131000,0.2057000,0.1981000,0.1974000,0.1728000,0.1425000,0.1703000,0.0239000,0.0226000,0.1212000,0.1161000,0.0364000,0.0414000,0.0324000,0.1592000,0.1798000,0.1701000,0.1735000,0.1666000,0.1756000,0.1771000,0.1844000,0.1824000,0.2187000,0.2201000,0.2208000,0.2476000,0.2574000,0.2494000,0.2508000,0.2556000,0.3337000,0.3430000,0.3565000,0.4026000,0.5628000,0.6981000,0.6161000,0.5819000,0.4708000,0.5073000,0.3925000,0.3818000,0.3646000,0.3132000,0.2750000,0.2631000,0.2116000,0.2167000,0.2061000,0.1979000,0.2000000,0.1992000,0.1966000,0.1864000,0.1843000,0.1923000,0.1970000,0.1841000,0.1846000,0.1645000,0.0096000,0.1723000,0.1894000,0.1828000,0.1862000,0.1865000,0.1828000,0.1939000,0.1976000,0.2726000,0.2991000,0.3182000,0.3571000,0.3365000,0.3200000,0.3367000,0.3234000,0.4127000,0.5377000,0.5312000,0.5637000,0.5467000,0.5601000,0.5255000,0.5644000,0.5677000,0.4622000,0.3591000,0.2938000,0.3019000,0.2733000,0.2737000,0.2234000,0.2185000,0.1954000,0.1910000,0.1157000,0.0149000,0.0000000,0.0000000,0.0033000,0.0000000,0.0000000,0.0000000,0.0000000,0.0000000,0.0000000,0.0136000,0.1612000,0.1887000,0.2019000,0.1951000,0.1874000,0.1956000,0.2097000,0.2332000,0.2475000,0.2439000,0.2607000,0.2552000,0.2978000,0.3085000,0.2901000,0.3932000,0.5149000,0.4792000,0.4864000,0.5875000,0.4870000,0.6222000,0.0985000,0.5085000,0.4714000,0.3402000,0.3289000,0.2787000,0.2493000,0.2293000,0.2231000,0.1953000,0.2203000,0.1964000,0.0000000,0.0000000,0.0000000,0.0000000,0.0000000,0.0000000,0.0000000,0.0000000,0.0000000,0.0037000,0.1886000,0.2050000,0.2093000,0.2027000,0.1972000,0.1983000,0.2052000,0.2088000,0.2067000,0.2503000,0.2507000,0.2709000,0.2845000,0.3014000,0.2799000,0.3398000,0.4955000,0.5100000,0.6128000,0.6983000,0.6052000,0.6611000,0.7056000,0.6189000,0.6232000,0.4955000,0.4853000,0.3818000,0.3273000,0.2826000,0.2547000,0.2340000,0.0000000,0.0000000,0.0000000,0.0000000,0.0000000,0.0000000,0.0036000
15,16,115.888611111000003,42.306388888900003,M8,0.0000000,0.0000000,0.0003000,0.0039000,0.0125000,0.0087000,0.1274000,0.1766000,0.1811000,0.1833000,0.1907000,0.1919000,0.1930000,0.2034000,0.2060000,0.2113000,0.2325000,0.2819000,0.2753000,0.2784000,0.2490000,0.2979000,0.2938000,0.2539000,0.3186000,0.2785000,0.4436000,0.4697000,0.4434000,0.4686000,0.3945000,0.3799000,0.2996000,0.2990000,0.2223000,0.2540000,0.2265000,0.2166000,0.2036000,0.2003000,0.1539000,0.0097000,0.1571000,0.0069000,0.0362000,0.0271000,0.0398000,0.0114000,0.0843000,0.0186000,0.1202000,0.1761000,0.1717000,0.1724000,0.1691000,0.1676000,0.1695000,0.1705000,0.1705000,0.1787000,0.1816000,0.1874000,0.2084000,0.2369000,0.2281000,0.2210000,0.2169000,0.2127000,0.2043000,0.1991000,0.2203000,0.3194000,0.4763000,0.5436000,0.5477000,0.6311000,0.6006000,0.5558000,0.4711000,0.4297000,0.4031000,0.3002000,0.2891000,0.2408000,0.1869000,0.2083000,0.1230000,0.1917000,0.1767000,0.1646000,0.1845000,0.1881000,0.1825000,0.1772000,0.1775000,0.1766000,0.1672000,0.0000000,0.0000000,0.1805000,0.1751000,0.1792000,0.1773000,0.1834000,0.1793000,0.2070000,0.2185000,0.2458000,0.2944000,0.3726000,0.3412000,0.3437000,0.4076000,0.3651000,0.3746000,0.5295000,0.4861000,0.4471000,0.5075000,0.4228000,0.4813000,0.5142000,0.4708000,0.4493000,0.4083000,0.3932000,0.3105000,0.2832000,0.2732000,0.2300000,0.2250000,0.1904000,0.1771000,0.0157000,0.0149000,0.0040000,0.0000000,0.0000000,0.0000000,0.0000000,0.0000000,0.0000000,0.0000000,0.0000000,0.0000000,0.0000000,0.1855000,0.1894000,0.1871000,0.1746000,0.1784000,0.1853000,0.2122000,0.2327000,0.2234000,0.2587000,0.3058000,0.3710000,0.3088000,0.3149000,0.4022000,0.4082000,0.4396000,0.4134000,0.4445000,0.4903000,0.5246000,0.1983000,0.4686000,0.3474000,0.3648000,0.3154000,0.2731000,0.2517000,0.2216000,0.2157000,0.2061000,0.2007000,0.2020000,0.0000000,0.0000000,0.0000000,0.0000000,0.0000000,0.0000000,0.0000000,0.0000000,0.0000000,0.0019000,0.1697000,0.1852000,0.1872000,0.1834000,0.1806000,0.1862000,0.1924000,0.1864000,0.1795000,0.1993000,0.2312000,0.2748000,0.3193000,0.3815000,0.3129000,0.3316000,0.4159000,0.4635000,0.5555000,0.6378000,0.5712000,0.5813000,0.6504000,0.5744000,0.5254000,0.4562000,0.4655000,0.3827000,0.3069000,0.2805000,0.2522000,0.2276000,0.0000000,0.0000000,0.0000000,0.0000000,0.0000000,0.0000000,0.0000000
16,17,116.070372222000003,42.305538888900003,M9,0.0343000,0.0000000,0.0071000,0.0115000,0.1963000,0.1926000,0.1950000,0.2002000,0.1920000,0.1929000,0.2009000,0.2051000,0.2172000,0.2191000,0.2328000,0.3049000,0.2545000,0.3798000,0.3824000,0.4554000,0.4046000,0.4968000,0.6673000,0.5970000,0.6786000,0.7533000,0.7399000,0.7311000,0.7704000,0.7526000,0.7018000,0.5934000,0.3510000,0.3370000,0.2663000,0.2314000,0.2098000,0.2238000,0.2011000,0.2117000,0.1713000,0.1753000,0.1857000,0.2021000,0.1864000,0.1845000,0.1864000,0.0967000,0.1744000,0.1761000,0.1814000,0.1765000,0.1671000,0.1830000,0.1690000,0.1810000,0.1726000,0.1852000,0.1805000,0.1883000,0.1994000,0.2397000,0.2882000,0.3594000,0.3305000,0.4865000,0.4052000,0.5628000,0.4850000,0.6038000,0.5847000,0.7785000,0.8316000,0.8194000,0.8035000,0.7646000,0.6326000,0.4627000,0.4313000,0.3955000,0.3733000,0.3027000,0.2785000,0.2464000,0.2371000,0.2233000,0.2084000,0.2094000,0.1889000,0.1931000,0.1965000,0.1958000,0.1967000,0.2008000,0.1940000,0.1890000,0.1770000,0.0034000,0.0879000,0.2077000,0.1929000,0.1979000,0.1956000,0.1891000,0.2038000,0.2082000,0.2676000,0.2860000,0.3473000,0.4002000,0.4069000,0.5030000,0.4905000,0.5261000,0.5553000,0.7211000,0.7463000,0.7588000,0.8382000,0.8010000,0.8131000,0.7399000,0.5897000,0.5125000,0.3878000,0.3448000,0.3312000,0.2849000,0.2835000,0.2376000,0.2239000,0.1980000,0.1850000,0.1123000,0.0148000,0.0000000,0.0000000,0.0000000,0.0000000,0.0000000,0.0000000,0.0000000,0.0000000,0.0173000,0.0062000,0.0886000,0.1984000,0.2016000,0.2020000,0.1908000,0.1931000,0.2004000,0.2518000,0.2920000,0.2737000,0.3578000,0.3918000,0.5185000,0.5504000,0.4999000,0.6590000,0.7764000,0.8020000,0.7797000,0.7781000,0.7878000,0.7842000,0.2110000,0.6533000,0.5226000,0.4575000,0.4150000,0.3301000,0.2848000,0.2450000,0.2368000,0.2128000,0.2144000,0.2081000,0.0000000,0.0000000,0.0000000,0.0000000,0.0000000,0.0000000,0.0000000,0.0000000,0.0000000,0.0034000,0.2014000,0.2080000,0.2030000,0.1957000,0.1977000,0.2258000,0.2172000,0.2115000,0.2047000,0.2554000,0.2382000,0.3621000,0.4417000,0.4257000,0.4958000,0.6145000,0.5895000,0.7667000,0.8197000,0.8107000,0.8221000,0.7949000,0.8396000,0.7635000,0.6647000,0.6669000,0.5719000,0.3882000,0.3180000,0.2999000,0.2640000,0.2390000,0.0000000,0.0000000,0.0000000,0.0000000,0.0396000,0.0229000,0.0337000
17,18,116.242752777999996,42.302566666700002,M10,0.0169000,0.0106000,0.0162000,0.0168000,0.0145000,0.0101000,0.1747000,0.1826000,0.2105000,0.2031000,0.2116000,0.2201000,0.2261000,0.2295000,0.2438000,0.2818000,0.2783000,0.3417000,0.3624000,0.4132000,0.3417000,0.4016000,0.4844000,0.5004000,0.4592000,0.5565000,0.6828000,0.6881000,0.5869000,0.6238000,0.5831000,0.4720000,0.3955000,0.4001000,0.3079000,0.3031000,0.2444000,0.2482000,0.2311000,0.2232000,0.1928000,0.0252000,0.1418000,0.1778000,0.1358000,0.1553000,0.0259000,0.0714000,0.1168000,0.1418000,0.1765000,0.1784000,0.1753000,0.1905000,0.1807000,0.1853000,0.1827000,0.1912000,0.1880000,0.2030000,0.2247000,0.2199000,0.3208000,0.3588000,0.3114000,0.3889000,0.3569000,0.4039000,0.3880000,0.4306000,0.4290000,0.4116000,0.4303000,0.5901000,0.6236000,0.5249000,0.6103000,0.6050000,0.5618000,0.4241000,0.4736000,0.3044000,0.3299000,0.2826000,0.2659000,0.2537000,0.2327000,0.2304000,0.2257000,0.2166000,0.2114000,0.2142000,0.1959000,0.2148000,0.2025000,0.2030000,0.1564000,0.0130000,0.0040000,0.0054000,0.1953000,0.1938000,0.1997000,0.2108000,0.2102000,0.2536000,0.2779000,0.3242000,0.4178000,0.4599000,0.4759000,0.5022000,0.4970000,0.5359000,0.5574000,0.6465000,0.6895000,0.7040000,0.6932000,0.6952000,0.7057000,0.6356000,0.5787000,0.5138000,0.4680000,0.4407000,0.3168000,0.3455000,0.3098000,0.2551000,0.2239000,0.2361000,0.2086000,0.2329000,0.0197000,0.0045000,0.0000000,0.0091000,0.0091000,0.0000000,0.0000000,0.0000000,0.0000000,0.0054000,0.0131000,0.0444000,0.2191000,0.2205000,0.2177000,0.2092000,0.2179000,0.2221000,0.2425000,0.2956000,0.3111000,0.3230000,0.4012000,0.3832000,0.4095000,0.3874000,0.6441000,0.6488000,0.6909000,0.6918000,0.6865000,0.7007000,0.6225000,0.2371000,0.5881000,0.5616000,0.5160000,0.4571000,0.3767000,0.3274000,0.2824000,0.2666000,0.2544000,0.2662000,0.2486000,0.0000000,0.0000000,0.0000000,0.0000000,0.0008000,0.0000000,0.0077000,0.0079000,0.0081000,0.0123000,0.2261000,0.2278000,0.2356000,0.2332000,0.2271000,0.2302000,0.2361000,0.2234000,0.2252000,0.2486000,0.2883000,0.4010000,0.4586000,0.5201000,0.5269000,0.5437000,0.5823000,0.6248000,0.7701000,0.6125000,0.7010000,0.6951000,0.7224000,0.6421000,0.5971000,0.5935000,0.5617000,0.4749000,0.3540000,0.3190000,0.2864000,0.2604000,0.0000000,0.0000000,0.0073000,0.0000000,0.0300000,0.0124000,0.0254000
18,19,116.139483333000001,42.168933333299996,M11,0.0068000,0.0091000,0.0214000,0.0418000,0.0339000,0.1620000,0.1892000,0.1774000,0.1836000,0.1781000,0.2057000,0.2180000,0.2318000,0.2219000,0.2384000,0.3096000,0.2760000,0.3613000,0.3152000,0.4160000,0.3495000,0.3956000,0.4735000,0.5347000,0.4352000,0.6340000,0.5503000,0.5979000,0.5518000,0.4536000,0.4953000,0.4371000,0.3905000,0.3662000,0.3225000,0.2866000,0.2529000,0.2429000,0.2286000,0.2114000,0.1924000,0.1124000,0.1736000,0.1722000,0.1471000,0.2011000,0.1471000,0.0734000,0.0725000,0.0156000,0.1395000,0.1698000,0.1814000,0.1870000,0.1810000,0.1804000,0.1811000,0.1702000,0.1929000,0.2160000,0.2396000,0.2279000,0.3376000,0.3195000,0.3207000,0.2865000,0.2891000,0.3152000,0.3561000,0.3333000,0.3290000,0.4270000,0.5836000,0.6411000,0.5291000,0.4933000,0.5494000,0.4597000,0.4588000,0.4207000,0.3456000,0.2969000,0.3034000,0.2626000,0.2369000,0.2273000,0.2292000,0.2182000,0.1989000,0.2100000,0.2045000,0.2086000,0.2009000,0.2076000,0.1940000,0.1709000,0.1630000,0.0126000,0.1705000,0.1680000,0.1905000,0.1928000,0.1991000,0.2057000,0.1993000,0.2049000,0.2538000,0.2991000,0.3237000,0.3749000,0.3758000,0.4001000,0.3954000,0.3886000,0.4069000,0.5848000,0.5733000,0.5367000,0.5733000,0.5654000,0.5216000,0.5102000,0.4396000,0.4276000,0.3932000,0.3357000,0.3495000,0.2983000,0.2964000,0.2505000,0.2604000,0.1509000,0.1709000,0.2049000,0.0418000,0.0144000,0.0067000,0.0065000,0.0038000,0.0041000,0.0077000,0.0143000,0.0000000,0.0045000,0.0146000,0.1448000,0.1765000,0.1941000,0.1827000,0.1913000,0.1942000,0.1900000,0.2442000,0.2754000,0.2792000,0.2981000,0.3517000,0.3571000,0.3780000,0.4945000,0.4391000,0.4910000,0.5413000,0.5392000,0.5159000,0.5008000,0.5741000,0.0000000,0.4308000,0.3850000,0.3895000,0.3573000,0.3067000,0.2777000,0.2629000,0.2263000,0.2161000,0.2121000,0.2250000,0.0000000,0.0000000,0.0000000,0.0000000,0.0000000,0.0000000,0.0000000,0.0000000,0.0068000,0.0485000,0.1283000,0.1561000,0.1703000,0.1811000,0.2002000,0.2010000,0.2092000,0.2077000,0.2063000,0.2467000,0.2804000,0.3432000,0.3844000,0.2121000,0.4080000,0.4013000,0.4297000,0.4913000,0.4693000,0.5494000,0.5245000,0.5983000,0.6612000,0.4732000,0.4652000,0.4490000,0.4668000,0.3960000,0.3295000,0.3086000,0.2656000,0.2372000,0.0000000,0.0066000,0.0430000,0.0425000,0.0535000,0.1459000,0.0586000
19,20,116.176602778000003,42.025097222200003,M12,0.0014000,0.0187000,0.0171000,0.0377000,0.1823000,0.1747000,0.2141000,0.1849000,0.2195000,0.2188000,0.2395000,0.2285000,0.2397000,0.2417000,0.2749000,0.2346000,0.3398000,0.4192000,0.5147000,0.5259000,0.4467000,0.5427000,0.6164000,0.6297000,0.6479000,0.6976000,0.6946000,0.6074000,0.5879000,0.6907000,0.5641000,0.5254000,0.4991000,0.3878000,0.3294000,0.3198000,0.2727000,0.2580000,0.2512000,0.2386000,0.2166000,0.1070000,0.1979000,0.2015000,0.2079000,0.2115000,0.1979000,0.1684000,0.1918000,0.2052000,0.2156000,0.2067000,0.1931000,0.2002000,0.2021000,0.2014000,0.2053000,0.2129000,0.2125000,0.2291000,0.2661000,0.2558000,0.4346000,0.4916000,0.4224000,0.4400000,0.3559000,0.4512000,0.4993000,0.4492000,0.4984000,0.6311000,0.6313000,0.6340000,0.6115000,0.5597000,0.6182000,0.5710000,0.5270000,0.5240000,0.4673000,0.2898000,0.3066000,0.2709000,0.2428000,0.2642000,0.2563000,0.2290000,0.2337000,0.2299000,0.2127000,0.2206000,0.2188000,0.2171000,0.2162000,0.2039000,0.1769000,0.1971000,0.1724000,0.2125000,0.2078000,0.2134000,0.2032000,0.2266000,0.2263000,0.2262000,0.3269000,0.3546000,0.4411000,0.4173000,0.4903000,0.4876000,0.5816000,0.5432000,0.5186000,0.6308000,0.6171000,0.6229000,0.7134000,0.6991000,0.6287000,0.6472000,0.6078000,0.6286000,0.4885000,0.4289000,0.3610000,0.3236000,0.3597000,0.2428000,0.2155000,0.2315000,0.2259000,0.2422000,0.1159000,0.0342000,0.0217000,0.0261000,0.0170000,0.0064000,0.0263000,0.0204000,0.0017000,0.0000000,0.2597000,0.2144000,0.2048000,0.2303000,0.2259000,0.2102000,0.2250000,0.2195000,0.2560000,0.3153000,0.2963000,0.3770000,0.4310000,0.4909000,0.3842000,0.5267000,0.5894000,0.5653000,0.6151000,0.6370000,0.6384000,0.6585000,0.6712000,0.5903000,0.5723000,0.5310000,0.4649000,0.4067000,0.3717000,0.2937000,0.2525000,0.2537000,0.2444000,0.2485000,0.2448000,0.0000000,0.0000000,0.0000000,0.0000000,0.0000000,0.0000000,0.0083000,0.0000000,0.0039000,0.0228000,0.2137000,0.2207000,0.2146000,0.2175000,0.2236000,0.1975000,0.2390000,0.2401000,0.2084000,0.2669000,0.3693000,0.3830000,0.4109000,0.5231000,0.5350000,0.5453000,0.5034000,0.6076000,0.6245000,0.6967000,0.6471000,0.6656000,0.7710000,0.6345000,0.5267000,0.5027000,0.5438000,0.4469000,0.3842000,0.3192000,0.2867000,0.2744000,0.0000000,0.0213000,0.0356000,0.0361000,0.1175000,0.0655000,0.1154000
20,21,115.538852778000006,41.550761111100002,L1,0.0158000,0.0071000,0.0028000,0.0003000,0.0171000,0.0000000,0.0151000,0.1873000,0.2057000,0.2142000,0.2194000,0.2235000,0.2284000,0.2319000,0.2467000,0.2657000,0.3250000,0.3408000,0.3981000,0.3969000,0.4558000,0.5138000,0.5811000,0.6251000,0.6505000,0.7154000,0.7500000,0.6559000,0.6082000,0.6312000,0.5731000,0.5234000,0.4554000,0.3891000,0.3581000,0.2794000,0.3018000,0.2627000,0.2401000,0.2338000,0.2203000,0.1076000,0.1583000,0.1780000,0.2015000,0.2315000,0.1994000,0.0511000,0.0554000,0.0963000,0.1931000,0.2030000,0.2095000,0.2069000,0.1971000,0.1967000,0.1999000,0.1976000,0.1994000,0.2287000,0.2507000,0.2880000,0.3781000,0.3745000,0.3343000,0.3552000,0.4057000,0.4436000,0.4671000,0.5165000,0.6404000,0.7200000,0.7052000,0.6748000,0.6758000,0.5879000,0.5850000,0.4541000,0.5120000,0.4218000,0.3552000,0.3365000,0.3141000,0.2684000,0.2760000,0.2479000,0.2444000,0.2366000,0.2220000,0.2316000,0.2333000,0.2279000,0.2138000,0.2262000,0.2128000,0.2073000,0.2029000,0.0387000,0.2177000,0.2161000,0.2098000,0.2242000,0.2119000,0.2141000,0.2382000,0.2222000,0.2709000,0.2757000,0.3320000,0.4016000,0.3682000,0.4044000,0.4106000,0.4837000,0.4390000,0.6192000,0.6913000,0.6861000,0.7630000,0.6480000,0.7673000,0.6746000,0.5913000,0.5101000,0.4647000,0.3723000,0.3686000,0.3091000,0.2767000,0.2509000,0.2368000,0.1687000,0.1982000,0.1902000,0.0500000,0.0273000,0.0228000,0.0175000,0.0240000,0.0107000,0.0150000,0.0280000,0.0236000,0.1738000,0.0844000,0.1463000,0.2095000,0.2114000,0.2192000,0.2119000,0.2055000,0.2081000,0.2318000,0.2596000,0.3188000,0.3078000,0.3370000,0.3525000,0.4207000,0.4089000,0.4851000,0.6325000,0.6918000,0.6659000,0.6829000,0.6720000,0.6599000,0.3920000,0.5894000,0.4190000,0.4592000,0.4195000,0.3006000,0.2769000,0.2542000,0.2556000,0.2226000,0.2362000,0.2368000,0.0000000,0.0000000,0.0000000,0.0074000,0.0070000,0.0170000,0.0196000,0.0294000,0.0554000,0.0901000,0.2222000,0.1578000,0.2151000,0.2095000,0.2122000,0.1896000,0.2097000,0.2084000,0.2104000,0.2291000,0.2221000,0.3140000,0.3368000,0.3462000,0.3837000,0.4529000,0.6221000,0.6591000,0.6585000,0.7066000,0.6681000,0.6444000,0.5545000,0.5431000,0.4483000,0.4327000,0.4634000,0.3657000,0.3040000,0.2715000,0.2530000,0.2384000,0.0000000,0.0000000,0.0052000,0.0176000,0.0165000,0.0182000,0.0324000
21,22,115.603141667000003,41.780069444399999,L2,0.0000000,0.0000000,0.0000000,0.0000000,0.0000000,0.0000000,0.0000000,0.0000000,0.2017000,0.2089000,0.2033000,0.2281000,0.2252000,0.2463000,0.2607000,0.2722000,0.2839000,0.3403000,0.3706000,0.4108000,0.3753000,0.4462000,0.5602000,0.5117000,0.6068000,0.6219000,0.6114000,0.5542000,0.5565000,0.5922000,0.5517000,0.5040000,0.4295000,0.3794000,0.3633000,0.3663000,0.2588000,0.2430000,0.2289000,0.2211000,0.2135000,0.0258000,0.0413000,0.0189000,0.0504000,0.0939000,0.0569000,0.0230000,0.0433000,0.0882000,0.1605000,0.1829000,0.1929000,0.1867000,0.1876000,0.1896000,0.1969000,0.1706000,0.2013000,0.2460000,0.2963000,0.2681000,0.4250000,0.4073000,0.4199000,0.3646000,0.3318000,0.3790000,0.4234000,0.4226000,0.5098000,0.7858000,0.7025000,0.7177000,0.7071000,0.6621000,0.5916000,0.6124000,0.5200000,0.4260000,0.3787000,0.3450000,0.3111000,0.2647000,0.2599000,0.2442000,0.2267000,0.2204000,0.2082000,0.2131000,0.2176000,0.1879000,0.1959000,0.2076000,0.1954000,0.1991000,0.1626000,0.0093000,0.1851000,0.1902000,0.2056000,0.2160000,0.2107000,0.2182000,0.2166000,0.2222000,0.3046000,0.3207000,0.3971000,0.4053000,0.4451000,0.4125000,0.4182000,0.4539000,0.4625000,0.4810000,0.5195000,0.5569000,0.5866000,0.5765000,0.5399000,0.5153000,0.4865000,0.4369000,0.4222000,0.3681000,0.3823000,0.3050000,0.2804000,0.2511000,0.2026000,0.1937000,0.1976000,0.1205000,0.0162000,0.0118000,0.0000000,0.0000000,0.0000000,0.0000000,0.0000000,0.0000000,0.0000000,0.0000000,0.0199000,0.1916000,0.2141000,0.2067000,0.2120000,0.1897000,0.2077000,0.2165000,0.2177000,0.2771000,0.3199000,0.3088000,0.3473000,0.3730000,0.3633000,0.3489000,0.3852000,0.4123000,0.5677000,0.6526000,0.6525000,0.6859000,0.7189000,0.3028000,0.6379000,0.5679000,0.4904000,0.4361000,0.3500000,0.2775000,0.2600000,0.2500000,0.2208000,0.2262000,0.2094000,0.0000000,0.0000000,0.0000000,0.0000000,0.0000000,0.0000000,0.0123000,0.0231000,0.0358000,0.1646000,0.2212000,0.1923000,0.2148000,0.2194000,0.2111000,0.1697000,0.2165000,0.2117000,0.2301000,0.2558000,0.2449000,0.3449000,0.3956000,0.3999000,0.4766000,0.5111000,0.5738000,0.6097000,0.6980000,0.7171000,0.7297000,0.7125000,0.5943000,0.6163000,0.5162000,0.4864000,0.5027000,0.4649000,0.3721000,0.3311000,0.2857000,0.2598000,0.0054000,0.0000000,0.0101000,0.0017000,0.0264000,0.0244000,0.0322000
22,23,115.628383333000002,42.042175000000000,L3,0.0150000,0.0147000,0.0384000,0.0782000,0.1785000,0.1860000,0.1863000,0.2036000,0.1932000,0.2007000,0.1987000,0.2050000,0.1967000,0.2102000,0.2154000,0.1939000,0.2592000,0.2616000,0.2772000,0.2600000,0.2495000,0.3198000,0.4673000,0.4089000,0.5110000,0.6241000,0.6321000,0.6885000,0.6737000,0.6537000,0.5448000,0.6101000,0.4022000,0.3504000,0.2986000,0.2589000,0.2390000,0.2352000,0.2136000,0.2096000,0.1905000,0.1752000,0.1774000,0.1503000,0.2057000,0.1882000,0.2057000,0.1184000,0.1590000,0.1681000,0.1476000,0.1858000,0.1850000,0.1962000,0.1848000,0.1840000,0.1875000,0.1775000,0.1864000,0.1947000,0.2182000,0.2244000,0.2812000,0.2793000,0.3050000,0.2865000,0.2898000,0.3042000,0.3164000,0.4392000,0.5228000,0.6060000,0.5326000,0.6866000,0.6483000,0.5845000,0.5502000,0.5041000,0.4769000,0.3584000,0.2942000,0.2903000,0.2624000,0.2506000,0.2244000,0.2276000,0.1957000,0.2052000,0.1962000,0.1974000,0.2044000,0.2116000,0.2020000,0.2008000,0.2046000,0.2018000,0.1828000,0.0041000,0.1984000,0.1972000,0.1846000,0.1701000,0.1909000,0.1877000,0.1803000,0.1943000,0.2127000,0.2454000,0.2773000,0.3242000,0.3229000,0.2816000,0.3156000,0.2906000,0.3770000,0.5521000,0.7150000,0.7408000,0.7280000,0.6865000,0.6964000,0.6425000,0.5326000,0.4331000,0.3737000,0.3220000,0.3052000,0.2619000,0.2458000,0.2286000,0.2523000,0.1093000,0.1776000,0.1969000,0.1777000,0.0227000,0.0000000,0.0976000,0.0186000,0.0545000,0.1430000,0.1547000,0.1834000,0.1978000,0.1979000,0.1941000,0.1930000,0.1973000,0.1897000,0.1895000,0.1914000,0.1960000,0.2082000,0.2488000,0.2054000,0.2314000,0.2564000,0.2567000,0.2701000,0.2405000,0.4528000,0.4908000,0.6262000,0.6028000,0.6435000,0.6077000,0.5956000,0.0376000,0.5367000,0.4512000,0.3352000,0.3085000,0.2729000,0.2297000,0.2234000,0.2107000,0.1921000,0.2109000,0.1944000,0.0074000,0.0200000,0.0124000,0.0227000,0.0350000,0.0297000,0.0461000,0.0427000,0.0584000,0.1640000,0.2059000,0.1680000,0.1964000,0.1975000,0.1847000,0.1867000,0.1867000,0.1971000,0.1884000,0.2072000,0.2323000,0.2461000,0.2493000,0.2895000,0.2786000,0.4171000,0.5354000,0.6139000,0.6889000,0.7104000,0.7296000,0.6886000,0.7345000,0.6033000,0.4870000,0.4325000,0.4131000,0.3247000,0.2832000,0.2452000,0.2358000,0.2214000,0.0000000,0.0257000,0.0648000,0.0853000,0.1280000,0.1133000,0.1413000
23,24,115.689708332999999,42.257611111099997,L4,0.0170000,0.0386000,0.0252000,0.0272000,0.0400000,0.0075000,0.0582000,0.1853000,0.1939000,0.1897000,0.1935000,0.1981000,0.2130000,0.2165000,0.2110000,0.2168000,0.2230000,0.2389000,0.2360000,0.2471000,0.2456000,0.3471000,0.5321000,0.4912000,0.5212000,0.5591000,0.5528000,0.4630000,0.4604000,0.5035000,0.4911000,0.4240000,0.3502000,0.3232000,0.2990000,0.2625000,0.2153000,0.2278000,0.2067000,0.2066000,0.1506000,0.1506000,0.1693000,0.0291000,0.0326000,0.0485000,0.1199000,0.0208000,0.1786000,0.1287000,0.1448000,0.2172000,0.1814000,0.1714000,0.1700000,0.1758000,0.1786000,0.1761000,0.1783000,0.1870000,0.1962000,0.1910000,0.2384000,0.2618000,0.2478000,0.2478000,0.2087000,0.2733000,0.3533000,0.3943000,0.4192000,0.5931000,0.6959000,0.6156000,0.6596000,0.5670000,0.4138000,0.3950000,0.3522000,0.3330000,0.3378000,0.2820000,0.2617000,0.2246000,0.2231000,0.2117000,0.2028000,0.1957000,0.1804000,0.1926000,0.1949000,0.1539000,0.1910000,0.1902000,0.1882000,0.1869000,0.0994000,0.0270000,0.1775000,0.1888000,0.1840000,0.1823000,0.1942000,0.1973000,0.1970000,0.2035000,0.2565000,0.2686000,0.3238000,0.3203000,0.2895000,0.2876000,0.3049000,0.3002000,0.3731000,0.5058000,0.5700000,0.6041000,0.6919000,0.6770000,0.6324000,0.5797000,0.4271000,0.3880000,0.3206000,0.2928000,0.2780000,0.2567000,0.2587000,0.2278000,0.2242000,0.1967000,0.1988000,0.2070000,0.1163000,0.0463000,0.0011000,0.0110000,0.0011000,0.0049000,0.0113000,0.0090000,0.0005000,0.0092000,0.0884000,0.2091000,0.1979000,0.2023000,0.2037000,0.1852000,0.1990000,0.1830000,0.2378000,0.2503000,0.2266000,0.2340000,0.2150000,0.2339000,0.2338000,0.3520000,0.2928000,0.4777000,0.5561000,0.5314000,0.5970000,0.5279000,0.5935000,0.1566000,0.4080000,0.3416000,0.3646000,0.3381000,0.2847000,0.2651000,0.2334000,0.2371000,0.2042000,0.2097000,0.1941000,0.0000000,0.0000000,0.0000000,0.0000000,0.0000000,0.0000000,0.0000000,0.0036000,0.0000000,0.0001000,0.2088000,0.2224000,0.2099000,0.2052000,0.1912000,0.2030000,0.2050000,0.2048000,0.2012000,0.2269000,0.2419000,0.2501000,0.2857000,0.1969000,0.2606000,0.3286000,0.4860000,0.5530000,0.6886000,0.7298000,0.7471000,0.7011000,0.7500000,0.6641000,0.5324000,0.4852000,0.4738000,0.4044000,0.3120000,0.3085000,0.2392000,0.2467000,0.0165000,0.0149000,0.0610000,0.0489000,0.0857000,0.1122000,0.1966000
24,25,115.742808332999999,42.419741666699998,L5,0.1186000,0.0493000,0.0589000,0.0703000,0.0207000,0.0896000,0.0348000,0.1759000,0.1720000,0.1649000,0.1957000,0.2076000,0.2081000,0.2157000,0.1930000,0.2416000,0.2292000,0.2704000,0.2550000,0.2674000,0.2678000,0.3056000,0.3714000,0.3988000,0.4304000,0.4737000,0.4584000,0.5385000,0.5363000,0.5308000,0.4396000,0.3678000,0.3349000,0.3096000,0.2684000,0.2543000,0.2281000,0.2222000,0.2048000,0.1922000,0.1525000,0.1724000,0.1538000,0.1789000,0.0994000,0.1517000,0.0994000,0.0945000,0.1098000,0.1060000,0.1294000,0.1748000,0.1818000,0.1790000,0.1829000,0.1881000,0.1900000,0.1733000,0.1911000,0.2021000,0.2100000,0.2036000,0.2460000,0.3039000,0.2881000,0.3065000,0.2490000,0.3026000,0.2893000,0.3319000,0.3206000,0.4995000,0.5902000,0.5562000,0.6008000,0.5459000,0.5041000,0.4360000,0.4338000,0.3671000,0.3461000,0.3085000,0.2824000,0.2368000,0.1994000,0.2243000,0.1901000,0.2097000,0.1924000,0.2081000,0.1974000,0.1895000,0.1871000,0.1962000,0.1954000,0.1948000,0.1738000,0.1774000,0.1754000,0.1952000,0.1918000,0.1924000,0.1943000,0.1975000,0.1971000,0.2280000,0.2472000,0.2676000,0.3106000,0.3533000,0.3304000,0.3851000,0.3707000,0.3924000,0.4356000,0.5466000,0.5348000,0.4900000,0.6059000,0.5526000,0.4628000,0.4511000,0.4228000,0.3883000,0.3195000,0.3006000,0.2542000,0.2373000,0.2438000,0.2296000,0.2161000,0.1700000,0.1816000,0.1996000,0.1416000,0.0329000,0.0000000,0.0366000,0.0124000,0.0168000,0.0037000,0.0255000,0.0020000,0.0091000,0.0122000,0.1412000,0.1799000,0.1897000,0.1942000,0.1902000,0.2081000,0.2061000,0.2256000,0.2436000,0.2269000,0.2431000,0.2679000,0.3362000,0.2901000,0.2933000,0.3903000,0.6158000,0.5917000,0.5740000,0.6095000,0.6113000,0.5563000,0.0729000,0.3881000,0.3130000,0.3287000,0.3308000,0.2618000,0.2438000,0.2258000,0.2227000,0.1937000,0.2133000,0.1908000,0.0037000,0.0000000,0.0013000,0.0204000,0.0121000,0.0084000,0.0218000,0.0179000,0.0165000,0.0262000,0.1248000,0.1867000,0.1905000,0.1563000,0.1990000,0.1996000,0.2001000,0.2014000,0.1987000,0.2195000,0.2813000,0.2843000,0.2993000,0.2993000,0.3147000,0.3730000,0.4866000,0.5730000,0.6244000,0.6559000,0.6400000,0.7140000,0.7472000,0.6818000,0.6569000,0.5879000,0.5349000,0.4545000,0.3114000,0.2585000,0.2364000,0.2335000,0.0480000,0.0300000,0.0497000,0.0488000,0.1320000,0.0820000,0.1319000
25,26,116.333302778000004,41.802947222199997,L6,0.1316000,0.0509000,0.1490000,0.1083000,0.1963000,0.2012000,0.2005000,0.2001000,0.1969000,0.2021000,0.2001000,0.1987000,0.2047000,0.2098000,0.2212000,0.2663000,0.2864000,0.3356000,0.3380000,0.3981000,0.3564000,0.4169000,0.5614000,0.5369000,0.5368000,0.6571000,0.6629000,0.5634000,0.5392000,0.5574000,0.5471000,0.4776000,0.4095000,0.3759000,0.2966000,0.2734000,0.2434000,0.2436000,0.2125000,0.2271000,0.2044000,0.0880000,0.0642000,0.1025000,0.0997000,0.1597000,0.0997000,0.0863000,0.1351000,0.1388000,0.1694000,0.1997000,0.1886000,0.1975000,0.1844000,0.1908000,0.1843000,0.1970000,0.1895000,0.2057000,0.2100000,0.2136000,0.3037000,0.3037000,0.3003000,0.2860000,0.2853000,0.3487000,0.5124000,0.4121000,0.4797000,0.6435000,0.5690000,0.6348000,0.6541000,0.6307000,0.6319000,0.5683000,0.5726000,0.4739000,0.4571000,0.2849000,0.3128000,0.2629000,0.2527000,0.2501000,0.2257000,0.2278000,0.2170000,0.2358000,0.2128000,0.2224000,0.2200000,0.2169000,0.2079000,0.2151000,0.1773000,0.1320000,0.2077000,0.2106000,0.1985000,0.2122000,0.1977000,0.1982000,0.1862000,0.1964000,0.2386000,0.2593000,0.3008000,0.3645000,0.3827000,0.4074000,0.5400000,0.4569000,0.4807000,0.6340000,0.6457000,0.6582000,0.7145000,0.6805000,0.6683000,0.6199000,0.5186000,0.5040000,0.4464000,0.3680000,0.3582000,0.3014000,0.2906000,0.2312000,0.2159000,0.2094000,0.2277000,0.1636000,0.1640000,0.0380000,0.0416000,0.0524000,0.0470000,0.0391000,0.0356000,0.0451000,0.0347000,0.1332000,0.1715000,0.1789000,0.1976000,0.2016000,0.2044000,0.2017000,0.1955000,0.2134000,0.2035000,0.2373000,0.2462000,0.2625000,0.3357000,0.3586000,0.4146000,0.4035000,0.6380000,0.5830000,0.7066000,0.7200000,0.6987000,0.6594000,0.6846000,0.2101000,0.6011000,0.4775000,0.4844000,0.4326000,0.3406000,0.2789000,0.2647000,0.2449000,0.2372000,0.2330000,0.2147000,0.0001000,0.0196000,0.0177000,0.0313000,0.0386000,0.0338000,0.0417000,0.0475000,0.0742000,0.1725000,0.2135000,0.2033000,0.2095000,0.1966000,0.2016000,0.2111000,0.2171000,0.1989000,0.2313000,0.2318000,0.2301000,0.3118000,0.3948000,0.4205000,0.3412000,0.4661000,0.5789000,0.5979000,0.6352000,0.7381000,0.7242000,0.6898000,0.7714000,0.6727000,0.5972000,0.5602000,0.5269000,0.4536000,0.3683000,0.3024000,0.2768000,0.2556000,0.1039000,0.0837000,0.1093000,0.1247000,0.1785000,0.2454000,0.1523000
26,27,116.342377777999999,42.214088888900001,L7,0.1012000,0.0913000,0.0843000,0.1011000,0.2503000,0.2354000,0.2342000,0.2426000,0.2719000,0.2492000,0.2720000,0.2659000,0.2645000,0.2614000,0.2623000,0.3129000,0.3124000,0.4089000,0.3925000,0.4334000,0.4188000,0.4796000,0.5617000,0.5810000,0.5856000,0.5662000,0.5302000,0.5533000,0.5383000,0.5274000,0.5292000,0.4785000,0.4244000,0.3853000,0.3414000,0.3549000,0.3344000,0.3487000,0.3294000,0.3121000,0.2719000,0.2805000,0.3039000,0.2959000,0.2777000,0.2878000,0.3100000,0.2699000,0.2930000,0.1813000,0.2132000,0.2598000,0.2419000,0.2756000,0.2520000,0.2623000,0.2638000,0.2595000,0.2545000,0.2747000,0.2723000,0.2799000,0.3264000,0.3895000,0.3635000,0.4296000,0.3998000,0.4006000,0.4188000,0.4673000,0.4662000,0.5333000,0.5441000,0.5717000,0.5649000,0.5674000,0.5712000,0.5598000,0.5279000,0.4038000,0.4351000,0.4005000,0.3627000,0.3610000,0.2918000,0.3713000,0.3367000,0.3496000,0.3251000,0.3260000,0.3438000,0.3275000,0.3198000,0.3133000,0.3310000,0.2856000,0.2415000,0.0966000,0.2782000,0.3072000,0.2985000,0.3076000,0.2836000,0.2972000,0.2909000,0.2631000,0.3145000,0.3364000,0.3530000,0.4369000,0.4208000,0.4514000,0.4616000,0.5031000,0.5049000,0.5809000,0.6029000,0.6400000,0.6132000,0.5911000,0.5480000,0.6086000,0.5118000,0.4868000,0.4716000,0.4381000,0.4065000,0.3884000,0.3877000,0.3638000,0.3517000,0.3246000,0.3216000,0.3693000,0.3096000,0.1110000,0.1044000,0.1193000,0.0972000,0.1053000,0.0856000,0.1079000,0.0912000,0.1134000,0.2410000,0.2922000,0.3023000,0.3140000,0.3122000,0.2825000,0.2932000,0.2755000,0.3220000,0.3521000,0.3869000,0.3659000,0.4160000,0.5341000,0.4605000,0.5238000,0.5715000,0.5054000,0.5990000,0.6115000,0.5554000,0.6208000,0.6286000,0.0440000,0.5512000,0.4831000,0.4961000,0.4602000,0.4301000,0.4315000,0.4004000,0.3621000,0.3537000,0.3446000,0.3224000,0.1129000,0.1021000,0.0944000,0.1046000,0.1137000,0.1046000,0.1043000,0.1016000,0.1238000,0.1280000,0.2959000,0.3215000,0.3354000,0.3242000,0.3144000,0.3082000,0.3117000,0.3199000,0.3024000,0.3353000,0.3765000,0.4216000,0.5044000,0.3882000,0.4854000,0.5509000,0.5898000,0.6370000,0.6362000,0.7627000,0.6619000,0.6359000,0.6792000,0.5902000,0.5571000,0.5664000,0.5582000,0.5063000,0.4400000,0.4164000,0.3709000,0.3850000,0.1679000,0.1327000,0.1962000,0.1649000,0.2416000,0.2106000,0.3269000
27,28,116.361030556000003,41.955311111100002,L8,0.0456000,0.0521000,0.0241000,0.1063000,0.1715000,0.1891000,0.1900000,0.1944000,0.1875000,0.1939000,0.2010000,0.1953000,0.2074000,0.2033000,0.2030000,0.2095000,0.2231000,0.2418000,0.2714000,0.3067000,0.3363000,0.4209000,0.6875000,0.6789000,0.6796000,0.7128000,0.7759000,0.7159000,0.5917000,0.6276000,0.5237000,0.3777000,0.3158000,0.2902000,0.2270000,0.2247000,0.2261000,0.2091000,0.1984000,0.2004000,0.1950000,0.1511000,0.1508000,0.1593000,0.1682000,0.1760000,0.1710000,0.0853000,0.1187000,0.1536000,0.1413000,0.1772000,0.1712000,0.1760000,0.1780000,0.1729000,0.1777000,0.1855000,0.1836000,0.1982000,0.1990000,0.2131000,0.2322000,0.2703000,0.2462000,0.2452000,0.2745000,0.2610000,0.6319000,0.6627000,0.7682000,0.7529000,0.7334000,0.6988000,0.6592000,0.5708000,0.5241000,0.3535000,0.3416000,0.3038000,0.2817000,0.2412000,0.2308000,0.2199000,0.2056000,0.2109000,0.1875000,0.1883000,0.1826000,0.1920000,0.1843000,0.1896000,0.1809000,0.1814000,0.1857000,0.1790000,0.1693000,0.1515000,0.1769000,0.1907000,0.1936000,0.1895000,0.1902000,0.1888000,0.1924000,0.1919000,0.2165000,0.2214000,0.2549000,0.2652000,0.3154000,0.3213000,0.3716000,0.3254000,0.4102000,0.6321000,0.7336000,0.7283000,0.6612000,0.7432000,0.6390000,0.6820000,0.5641000,0.4232000,0.3433000,0.3122000,0.2735000,0.2449000,0.2399000,0.2148000,0.2169000,0.0701000,0.1738000,0.1938000,0.0184000,0.0434000,0.0317000,0.0024000,0.0000000,0.0031000,0.0227000,0.0318000,0.0121000,0.0351000,0.0500000,0.1601000,0.1902000,0.1944000,0.1877000,0.1851000,0.1829000,0.1976000,0.2077000,0.2218000,0.2207000,0.3041000,0.2744000,0.2560000,0.3462000,0.3990000,0.5323000,0.6351000,0.7681000,0.7637000,0.7562000,0.8100000,0.7252000,0.5563000,0.6967000,0.4626000,0.3625000,0.3122000,0.2533000,0.2256000,0.2267000,0.2093000,0.2002000,0.2090000,0.2137000,0.0000000,0.0000000,0.0000000,0.0000000,0.0000000,0.0000000,0.0136000,0.0197000,0.0319000,0.1041000,0.1855000,0.1875000,0.1991000,0.1914000,0.1929000,0.1874000,0.1916000,0.1976000,0.2131000,0.2174000,0.2070000,0.2477000,0.2777000,0.2650000,0.3794000,0.4455000,0.6802000,0.6979000,0.7203000,0.7510000,0.8164000,0.7736000,0.7814000,0.7263000,0.5451000,0.4205000,0.4198000,0.3447000,0.2781000,0.2580000,0.2257000,0.2171000,0.0000000,0.0122000,0.0320000,0.0196000,0.1054000,0.0694000,0.1080000
28,29,116.087341667000004,41.744736111100003,L9,0.0258000,0.0475000,0.0520000,0.0593000,0.0599000,0.1274000,0.0216000,0.2174000,0.2061000,0.2236000,0.2246000,0.2016000,0.2333000,0.2341000,0.2146000,0.2212000,0.2213000,0.2887000,0.3353000,0.4226000,0.3925000,0.4071000,0.5869000,0.6895000,0.6848000,0.7142000,0.7407000,0.6948000,0.7444000,0.7048000,0.6005000,0.4759000,0.3558000,0.3516000,0.3225000,0.3194000,0.2511000,0.2477000,0.2217000,0.2163000,0.2219000,0.0521000,0.0476000,0.0506000,0.0767000,0.1381000,0.0118000,0.0525000,0.0356000,0.0696000,0.1478000,0.1999000,0.2014000,0.2048000,0.2047000,0.1838000,0.1926000,0.2050000,0.1927000,0.2090000,0.2201000,0.2833000,0.2790000,0.3025000,0.3576000,0.2803000,0.3468000,0.3478000,0.4243000,0.7260000,0.7001000,0.7408000,0.7963000,0.7477000,0.7496000,0.7112000,0.7082000,0.6317000,0.6245000,0.5200000,0.5027000,0.4590000,0.4676000,0.3368000,0.3088000,0.2953000,0.2710000,0.2655000,0.2588000,0.2668000,0.2723000,0.2363000,0.2510000,0.2487000,0.2447000,0.2388000,0.1819000,0.0504000,0.2210000,0.2240000,0.2171000,0.2303000,0.2301000,0.2351000,0.2413000,0.2032000,0.2525000,0.2787000,0.3084000,0.2923000,0.3219000,0.3136000,0.4312000,0.4894000,0.3992000,0.5818000,0.6462000,0.6201000,0.7278000,0.7055000,0.7883000,0.7693000,0.7552000,0.7099000,0.7365000,0.6620000,0.3670000,0.2712000,0.2701000,0.2402000,0.2191000,0.2008000,0.2227000,0.2186000,0.2090000,0.0313000,0.0302000,0.0445000,0.0248000,0.0395000,0.0342000,0.0417000,0.0271000,0.0085000,0.0173000,0.1214000,0.1701000,0.2251000,0.2134000,0.2179000,0.2260000,0.2148000,0.2183000,0.2444000,0.2578000,0.3763000,0.2982000,0.3244000,0.3729000,0.3362000,0.3876000,0.4575000,0.5329000,0.5433000,0.6898000,0.6906000,0.8173000,0.8276000,0.7827000,0.7429000,0.7123000,0.6720000,0.4878000,0.4201000,0.3564000,0.3646000,0.3001000,0.3315000,0.2625000,0.0000000,0.0011000,0.0059000,0.0135000,0.0182000,0.0217000,0.0336000,0.0303000,0.0430000,0.1688000,0.2379000,0.2326000,0.2269000,0.2263000,0.2289000,0.2280000,0.2267000,0.2137000,0.2477000,0.2290000,0.2205000,0.2645000,0.2953000,0.3377000,0.2571000,0.4205000,0.4694000,0.5477000,0.5611000,0.6907000,0.7358000,0.7796000,0.8120000,0.7250000,0.6229000,0.5614000,0.4894000,0.4101000,0.3576000,0.3073000,0.2588000,0.2627000,0.0000000,0.0000000,0.0220000,0.0149000,0.0436000,0.0431000,0.0631000
29,30,115.945077777999998,41.746911111099998,L10,0.0048000,0.0000000,0.0000000,0.0061000,0.0129000,0.0004000,0.0197000,0.1086000,0.2139000,0.2147000,0.2139000,0.2317000,0.2295000,0.2318000,0.2318000,0.2552000,0.2668000,0.3334000,0.3615000,0.4313000,0.3664000,0.4123000,0.4867000,0.5220000,0.5494000,0.6650000,0.6816000,0.6635000,0.6933000,0.7285000,0.6810000,0.6344000,0.5325000,0.4691000,0.4033000,0.4170000,0.2974000,0.2882000,0.2372000,0.2407000,0.2182000,0.0710000,0.0769000,0.1567000,0.1950000,0.1861000,0.1950000,0.0618000,0.0626000,0.1535000,0.1850000,0.2109000,0.2038000,0.2022000,0.1944000,0.1861000,0.1913000,0.2028000,0.1977000,0.2233000,0.2331000,0.2305000,0.2991000,0.3419000,0.2827000,0.2895000,0.3240000,0.3269000,0.4624000,0.5125000,0.6180000,0.7496000,0.7589000,0.7935000,0.7622000,0.7167000,0.7276000,0.6656000,0.6297000,0.5188000,0.4050000,0.3544000,0.3389000,0.2832000,0.2697000,0.2583000,0.2375000,0.2413000,0.2157000,0.2341000,0.2249000,0.2240000,0.2225000,0.2247000,0.2215000,0.2143000,0.1763000,0.0533000,0.1918000,0.2145000,0.2047000,0.2201000,0.2146000,0.2222000,0.2270000,0.2152000,0.2696000,0.2767000,0.3093000,0.3751000,0.3771000,0.4238000,0.3973000,0.5014000,0.4768000,0.5714000,0.5849000,0.6355000,0.6233000,0.6635000,0.6725000,0.6328000,0.5667000,0.5591000,0.5331000,0.4809000,0.4508000,0.3405000,0.3050000,0.2831000,0.2555000,0.2068000,0.2318000,0.1921000,0.1786000,0.0305000,0.0263000,0.0321000,0.0404000,0.0176000,0.0280000,0.0136000,0.0155000,0.0130000,0.0445000,0.0076000,0.1653000,0.2146000,0.2230000,0.2228000,0.2119000,0.2180000,0.2420000,0.2626000,0.2949000,0.3682000,0.3310000,0.3433000,0.3565000,0.3803000,0.5239000,0.5621000,0.6286000,0.6987000,0.7184000,0.7488000,0.7407000,0.0870000,0.6886000,0.6125000,0.5782000,0.5228000,0.4224000,0.3153000,0.2922000,0.2808000,0.2355000,0.2555000,0.2456000,0.0000000,0.0000000,0.0019000,0.0051000,0.0042000,0.0082000,0.0216000,0.0179000,0.0579000,0.0432000,0.2400000,0.2034000,0.2168000,0.2161000,0.2155000,0.2213000,0.2219000,0.2201000,0.2172000,0.2503000,0.2550000,0.3067000,0.3774000,0.3726000,0.4041000,0.4754000,0.4275000,0.6242000,0.6341000,0.6934000,0.7272000,0.7348000,0.7569000,0.6743000,0.6329000,0.6585000,0.6195000,0.5513000,0.4074000,0.3541000,0.3181000,0.2624000,0.0020000,0.0065000,0.0161000,0.0281000,0.0263000,0.0349000,0.0482000
30,31,116.222711110999995,42.411972222199999,L11,0.0410000,0.0200000,0.0327000,0.0664000,0.1893000,0.1959000,0.1997000,0.1978000,0.2161000,0.2058000,0.2180000,0.2224000,0.2249000,0.2222000,0.2387000,0.2287000,0.2576000,0.2933000,0.2985000,0.3151000,0.3108000,0.3141000,0.5901000,0.5771000,0.6657000,0.7092000,0.6629000,0.7473000,0.6994000,0.7346000,0.5647000,0.4377000,0.3136000,0.3391000,0.2869000,0.2632000,0.2362000,0.2413000,0.2185000,0.2183000,0.1898000,0.1759000,0.1822000,0.2005000,0.1299000,0.1712000,0.1299000,0.1344000,0.1786000,0.1763000,0.2086000,0.1948000,0.1983000,0.2025000,0.2027000,0.1989000,0.2048000,0.1782000,0.1947000,0.1959000,0.2076000,0.2128000,0.2369000,0.2944000,0.2840000,0.2929000,0.3245000,0.4520000,0.4492000,0.6036000,0.4999000,0.6522000,0.6728000,0.7176000,0.6736000,0.5540000,0.5506000,0.4362000,0.4320000,0.3507000,0.3832000,0.2919000,0.2615000,0.2517000,0.2367000,0.2322000,0.2310000,0.2216000,0.2078000,0.2096000,0.2056000,0.2119000,0.2117000,0.2007000,0.2053000,0.1674000,0.1845000,0.2024000,0.1779000,0.1929000,0.2005000,0.1854000,0.2075000,0.2020000,0.2198000,0.2402000,0.2728000,0.2619000,0.2814000,0.3213000,0.3210000,0.3297000,0.3865000,0.3578000,0.4686000,0.6324000,0.7191000,0.7240000,0.7142000,0.6567000,0.6982000,0.6328000,0.5346000,0.3935000,0.3308000,0.2914000,0.2633000,0.2641000,0.2787000,0.2250000,0.2443000,0.2087000,0.1876000,0.2133000,0.0310000,0.0202000,0.0000000,0.0000000,0.0092000,0.0009000,0.0103000,0.0058000,0.0242000,0.0021000,0.0308000,0.1692000,0.2051000,0.2105000,0.2081000,0.2034000,0.2002000,0.2101000,0.2228000,0.2283000,0.2221000,0.2414000,0.2716000,0.2484000,0.2851000,0.3377000,0.5891000,0.5931000,0.7459000,0.7317000,0.7297000,0.7463000,0.6266000,0.2919000,0.5574000,0.4626000,0.4149000,0.3485000,0.3087000,0.2735000,0.2444000,0.2305000,0.2118000,0.2146000,0.2139000,0.0000000,0.0000000,0.0000000,0.0169000,0.0189000,0.0169000,0.0098000,0.0096000,0.0239000,0.0670000,0.1982000,0.2018000,0.2064000,0.2158000,0.2052000,0.2091000,0.2144000,0.2187000,0.2094000,0.2469000,0.1957000,0.2789000,0.3302000,0.3392000,0.3490000,0.4240000,0.5657000,0.6107000,0.7290000,0.7646000,0.7598000,0.7289000,0.7868000,0.7056000,0.4863000,0.4863000,0.4517000,0.3232000,0.3224000,0.3105000,0.2584000,0.2415000,0.0000000,0.0012000,0.0099000,0.0127000,0.0382000,0.0196000,0.0304000
31,32,116.367774999999995,42.401205555600001,L12,0.1292000,0.0430000,0.0851000,0.1316000,0.1930000,0.1902000,0.1905000,0.1870000,0.1784000,0.1962000,0.2033000,0.2015000,0.2059000,0.2017000,0.2045000,0.2072000,0.2222000,0.2459000,0.2573000,0.2557000,0.2828000,0.3061000,0.4440000,0.4228000,0.4310000,0.5548000,0.4960000,0.4395000,0.3965000,0.4050000,0.3244000,0.3891000,0.3251000,0.2792000,0.2650000,0.2317000,0.2288000,0.2196000,0.2063000,0.2068000,0.1865000,0.1456000,0.1467000,0.1827000,0.1557000,0.1730000,0.1557000,0.1750000,0.1642000,0.1741000,0.1635000,0.1914000,0.1856000,0.1907000,0.1801000,0.1893000,0.1892000,0.1923000,0.1995000,0.1953000,0.2053000,0.2076000,0.2421000,0.2505000,0.2416000,0.2464000,0.2617000,0.2861000,0.3624000,0.3032000,0.3489000,0.4938000,0.4535000,0.4763000,0.4370000,0.4766000,0.4262000,0.3508000,0.3237000,0.2789000,0.2759000,0.2701000,0.2369000,0.2233000,0.2296000,0.2169000,0.2129000,0.2033000,0.1903000,0.1946000,0.2048000,0.1966000,0.2038000,0.1927000,0.1955000,0.1831000,0.1628000,0.0247000,0.1888000,0.0908000,0.1865000,0.1875000,0.1998000,0.1902000,0.2008000,0.2151000,0.2222000,0.2275000,0.2389000,0.2585000,0.2689000,0.2672000,0.3245000,0.3263000,0.4039000,0.4028000,0.3867000,0.4776000,0.5652000,0.5726000,0.4562000,0.5049000,0.4370000,0.3646000,0.3149000,0.2683000,0.2500000,0.2385000,0.2496000,0.2258000,0.2074000,0.2079000,0.1991000,0.2097000,0.0232000,0.0138000,0.0076000,0.0078000,0.0101000,0.0051000,0.0078000,0.0058000,0.0067000,0.0093000,0.0287000,0.1701000,0.1937000,0.1993000,0.1894000,0.1938000,0.1832000,0.2072000,0.2112000,0.2256000,0.2216000,0.2472000,0.2692000,0.2944000,0.3331000,0.2799000,0.4836000,0.5208000,0.5581000,0.5593000,0.4410000,0.5191000,0.5225000,0.3460000,0.4735000,0.3459000,0.3287000,0.3279000,0.2812000,0.2680000,0.2420000,0.2233000,0.2122000,0.2249000,0.2011000,0.0012000,0.0030000,0.0045000,0.0034000,0.0341000,0.0261000,0.0347000,0.0270000,0.0327000,0.0526000,0.1920000,0.2013000,0.1993000,0.2042000,0.2028000,0.1973000,0.2069000,0.2058000,0.2025000,0.2250000,0.2595000,0.2603000,0.3097000,0.3194000,0.3685000,0.4151000,0.4273000,0.5398000,0.2078000,0.6235000,0.5346000,0.5328000,0.5783000,0.5069000,0.4448000,0.4302000,0.3926000,0.3448000,0.2815000,0.2841000,0.2535000,0.2493000,0.0140000,0.0352000,0.0579000,0.0374000,0.0857000,0.0649000,0.1264000
32,33,115.996558332999996,42.416430555600002,L13,0.0105000,0.0022000,0.0281000,0.0526000,0.1629000,0.1600000,0.1605000,0.1797000,0.1759000,0.1862000,0.1827000,0.1985000,0.2034000,0.2050000,0.2120000,0.2416000,0.2249000,0.2732000,0.2693000,0.2957000,0.2812000,0.3320000,0.3440000,0.3959000,0.3750000,0.4503000,0.3924000,0.4464000,0.4320000,0.4210000,0.3937000,0.3370000,0.3055000,0.3018000,0.2669000,0.2552000,0.2260000,0.2191000,0.1974000,0.2094000,0.1517000,0.1787000,0.1724000,0.1983000,0.1821000,0.1806000,0.1821000,0.1636000,0.1601000,0.1668000,0.1707000,0.1785000,0.1671000,0.1793000,0.1711000,0.1777000,0.1739000,0.1701000,0.1745000,0.1844000,0.1902000,0.2032000,0.2375000,0.2772000,0.2541000,0.2792000,0.2236000,0.2792000,0.2301000,0.2730000,0.2568000,0.4053000,0.5292000,0.4705000,0.5279000,0.4623000,0.4685000,0.4417000,0.3876000,0.3330000,0.3251000,0.2826000,0.2596000,0.2277000,0.2108000,0.2078000,0.1914000,0.1944000,0.1833000,0.1781000,0.1853000,0.1935000,0.1811000,0.1858000,0.1797000,0.1765000,0.0215000,0.0063000,0.0098000,0.1691000,0.1728000,0.1761000,0.1735000,0.1770000,0.1933000,0.2128000,0.2283000,0.2467000,0.2610000,0.2914000,0.3213000,0.3310000,0.3209000,0.3417000,0.3469000,0.3961000,0.3569000,0.3873000,0.4499000,0.3686000,0.4144000,0.4278000,0.3548000,0.3274000,0.3213000,0.2670000,0.2937000,0.2257000,0.2547000,0.2178000,0.2116000,0.1941000,0.1894000,0.1971000,0.0545000,0.0168000,0.0044000,0.0000000,0.0000000,0.0034000,0.0003000,0.0128000,0.0000000,0.0016000,0.0033000,0.1580000,0.1849000,0.1913000,0.1864000,0.1815000,0.1903000,0.1897000,0.2010000,0.2102000,0.1963000,0.2240000,0.2537000,0.2597000,0.3057000,0.2778000,0.4238000,0.4717000,0.4676000,0.5345000,0.5589000,0.5400000,0.5546000,0.0806000,0.4651000,0.3536000,0.3488000,0.3495000,0.3029000,0.2639000,0.2316000,0.2216000,0.1975000,0.2058000,0.2003000,0.0000000,0.0000000,0.0000000,0.0000000,0.0066000,0.0000000,0.0126000,0.0152000,0.0045000,0.0215000,0.1602000,0.1630000,0.1957000,0.1781000,0.1894000,0.1941000,0.1994000,0.1934000,0.1967000,0.2230000,0.2349000,0.2909000,0.3274000,0.3049000,0.3463000,0.3924000,0.4327000,0.4757000,0.5157000,0.5013000,0.5319000,0.4899000,0.5443000,0.4830000,0.4720000,0.4451000,0.4187000,0.3792000,0.2968000,0.2817000,0.2537000,0.2270000,0.0000000,0.0007000,0.0057000,0.0121000,0.0412000,0.0341000,0.1294000
33,34,116.437413888999998,41.574433333300000,L14,0.2337000,0.2303000,0.2089000,0.2169000,0.2244000,0.2212000,0.2337000,0.2590000,0.2536000,0.2613000,0.2723000,0.2744000,0.2844000,0.2896000,0.2598000,0.3102000,0.6304000,0.6432000,0.7171000,0.6065000,0.6558000,0.7910000,0.8050000,0.7913000,0.8173000,0.7957000,0.8160000,0.7759000,0.7977000,0.7447000,0.7619000,0.6301000,0.5943000,0.5363000,0.3791000,0.3192000,0.3349000,0.3020000,0.2796000,0.2831000,0.2489000,0.2710000,0.2685000,0.2982000,0.2662000,0.2592000,0.2674000,0.2573000,0.2378000,0.2552000,0.2643000,0.2730000,0.2429000,0.2532000,0.2521000,0.2478000,0.2444000,0.2401000,0.2545000,0.2963000,0.2995000,0.3527000,0.6067000,0.6630000,0.6488000,0.6466000,0.7321000,0.6663000,0.7301000,0.8083000,0.8308000,0.7639000,0.8086000,0.7478000,0.7711000,0.7223000,0.7189000,0.5828000,0.6228000,0.4348000,0.4750000,0.3421000,0.3596000,0.3019000,0.2811000,0.2879000,0.2694000,0.2493000,0.2734000,0.2617000,0.2742000,0.2390000,0.2938000,0.2792000,0.2670000,0.2589000,0.2005000,0.2048000,0.2403000,0.2555000,0.2837000,0.2588000,0.2964000,0.2679000,0.2724000,0.2644000,0.3135000,0.3618000,0.4654000,0.6425000,0.5983000,0.6930000,0.7425000,0.6959000,0.6592000,0.7876000,0.7836000,0.8378000,0.8147000,0.7680000,0.7612000,0.5898000,0.7078000,0.6453000,0.6966000,0.5697000,0.4703000,0.3659000,0.3458000,0.2688000,0.3373000,0.2365000,0.2405000,0.2431000,0.2554000,0.2505000,0.2577000,0.2351000,0.2641000,0.2269000,0.2293000,0.2472000,0.2051000,0.2433000,0.2401000,0.2241000,0.2603000,0.2746000,0.3079000,0.2678000,0.2847000,0.2650000,0.3307000,0.3234000,0.3398000,0.5039000,0.5845000,0.6315000,0.6848000,0.7218000,0.7274000,0.7417000,0.7445000,0.7354000,0.7711000,0.8400000,0.8135000,0.3211000,0.7517000,0.6017000,0.6189000,0.5063000,0.4405000,0.3154000,0.3324000,0.2850000,0.2792000,0.2761000,0.0980000,0.0702000,0.0707000,0.0836000,0.0923000,0.1513000,0.1735000,0.2006000,0.2103000,0.1986000,0.1628000,0.2540000,0.2454000,0.2586000,0.2812000,0.2535000,0.2778000,0.2947000,0.2848000,0.2881000,0.2679000,0.3094000,0.5512000,0.6371000,0.6255000,0.7823000,0.7937000,0.7873000,0.7104000,0.8596000,0.7913000,0.7969000,0.7797000,0.7708000,0.7898000,0.7733000,0.6367000,0.6749000,0.4994000,0.4072000,0.3478000,0.3225000,0.3014000,0.2573000,0.2299000,0.2808000,0.2500000,0.2579000,0.2521000,0.2603000
